rows,missing_cells,nonfinite_cells,first_s,last_s,duplicate_timestamps,backward_timestamps,median_positive_step_s,maximum_step_s,file_id,resolution,ethylene_level,second_gas,second_level,below_or_equal_zero_adc,above_or_equal_3110_adc,temperature_min_c,temperature_max_c,humidity_min_pct,humidity_max_pct,background_rows,exposure_rows,recovery_rows,sensor1_relative_exposure_change,sensor1_prerelease_relative_drift
2970,0,0,3.0,299.9,31,0,0.09999999999999432,0.519999999999996,000,downsampled,H,CO,n,0,0,22.42,22.46,40.63,40.73,573,1797,600,0.30330330330330324,0.003012048192771122
2970,0,0,3.0,299.9,124,0,0.09999999999999432,0.5199999999999818,001,downsampled,L,Me,H,0,0,21.6,21.66,44.78,44.98,570,1800,600,0.34718100890207726,0.0029761904761904656
2970,0,0,2.99,299.9,41,0,0.09999999999999432,0.5299999999999727,002,downsampled,H,CO,H,0,0,22.43,22.47,40.7,40.77,570,1800,600,0.4136904761904763,0.0
2970,0,0,3.0,299.91,57,0,0.09999999999999432,0.5200000000000102,003,downsampled,H,Me,n,0,0,21.58,21.63,44.65,44.98,570,1800,600,0.3362573099415205,-0.008720930232558155
2970,0,0,3.16,299.9,63,0,0.09999999999999432,0.5200000000000387,004,downsampled,L,CO,H,0,0,22.43,22.47,40.63,40.83,570,1800,600,0.27299703264094966,0.0
2970,0,0,3.0,299.9,78,0,0.09999999999999432,0.5200000000000102,005,downsampled,L,Me,M,0,0,21.56,21.61,44.58,44.71,570,1800,600,0.3411764705882352,0.002949852507374562
2970,0,0,3.0,299.9,70,0,0.09999999999999432,0.5200000000000102,006,downsampled,M,CO,M,0,0,22.43,22.47,40.5,40.63,571,1799,600,0.25284090909090917,0.002849002849002913
2970,0,0,2.99,299.9,81,0,0.09999999999999432,0.5200000000000102,007,downsampled,L,Me,L,0,0,21.52,21.59,44.71,44.84,570,1800,600,0.2565597667638484,0.0
2970,0,0,3.92,299.91,48,0,0.09999999999999432,0.5200000000000031,008,downsampled,H,CO,L,0,0,22.43,22.47,40.13,40.57,570,1800,600,0.2965116279069768,-0.0028985507246376274
2970,0,0,2.99,299.9,84,0,0.09999999999999432,0.5200000000000102,009,downsampled,M,Me,L,0,0,21.5,21.56,44.87,45.03,570,1800,600,0.32276657060518743,0.0028901734104045396
2970,0,0,3.0,299.9,80,0,0.09999999999999432,0.5200000000000031,010,downsampled,M,CO,n,0,0,22.43,22.48,39.96,40.23,571,1799,600,0.20353982300884965,0.0
2970,0,0,3.0,299.91,77,0,0.09999999999999432,0.5200000000000102,011,downsampled,n,Me,L,0,0,21.46,21.53,45.03,45.16,570,1800,600,0.06609195402298851,0.0028818443804035088
2970,0,0,3.0,299.9,64,0,0.09999999999999432,0.5100000000000193,012,downsampled,n,CO,H,0,0,22.43,22.48,39.79,40.16,570,1800,600,0.17052023121387294,0.005813953488372103
2970,0,0,2.99,299.91,150,0,0.09999999999999432,0.5300000000000011,013,downsampled,L,Me,n,0,0,21.44,21.5,45.09,45.32,570,1800,600,0.15804597701149414,0.002873563218390718
2970,0,0,3.0,299.9,51,0,0.09999999999999432,0.5200000000000031,014,downsampled,L,CO,n,0,0,22.43,22.47,39.82,39.96,570,1800,600,0.13432835820895517,0.0
2970,0,0,2.99,299.91,36,0,0.09999999999999432,0.509999999999998,015,downsampled,n,Me,M,0,0,21.43,21.48,45.28,45.41,570,1800,600,0.08309455587392556,0.0
2970,0,0,3.0,300.0,70,0,0.09999999999999432,0.539999999999992,016,downsampled,L,CO,L,0,0,22.43,22.46,39.99,40.16,570,1800,600,0.16279069767441867,0.0
2970,0,0,2.99,299.9,176,0,0.09999999999999432,0.7299999999999898,017,downsampled,H,Me,H,0,0,21.43,21.48,45.15,45.35,570,1800,600,0.4495677233429394,-0.002873563218390829
2970,0,0,3.01,299.9,91,0,0.09999999999999432,0.6800000000000068,018,downsampled,L,CO,M,0,0,22.42,22.47,40.16,40.3,570,1800,600,0.1982507288629738,-0.0029069767441860517
2970,0,0,2.99,299.89,36,0,0.09999999999999432,0.5100000000000051,019,downsampled,M,Me,H,0,0,21.44,21.48,44.92,45.19,570,1800,600,0.3903133903133904,-0.005681818181818232
2970,0,0,3.0,299.9,69,0,0.09999999999999432,0.5200000000000102,020,downsampled,n,CO,H,0,0,22.41,22.46,37.59,38.07,570,1800,600,0.1993670886075949,-0.0062893081761006275
2970,0,0,3.0,299.78,140,0,0.09999999999999432,0.9200000000000159,021,downsampled,L,Me,n,0,0,22.01,22.08,44.83,45.23,571,1799,600,0.14326647564469908,-0.005714285714285672
2970,0,0,3.0,299.9,12,0,0.09999999999999432,0.5100000000000193,022,downsampled,M,CO,L,0,0,22.43,22.48,40.3,40.5,570,1800,600,0.19363395225464197,0.0026595744680850686
2970,0,0,2.99,299.91,53,0,0.09999999999999432,0.519999999999996,023,downsampled,H,Me,L,0,0,21.44,21.48,44.76,44.99,570,1800,600,0.36311239193083567,-0.002873563218390829
2970,0,0,3.0,299.9,133,0,0.09999999999999432,0.5300000000000011,024,downsampled,n,CO,M,0,0,22.42,22.46,40.56,40.77,570,1800,600,0.05722070844686655,-0.0027173913043477826
2970,0,0,2.99,299.9,55,0,0.09999999999999432,0.5200000000000102,025,downsampled,n,Me,H,0,0,21.4,21.46,44.62,44.79,570,1800,600,0.23478260869565215,-0.005780346820809301
2970,0,0,3.0,300.0,122,0,0.09999999999999432,0.5999999999999979,026,downsampled,M,CO,H,0,0,22.43,22.48,40.77,41.1,570,1800,600,0.2962962962962963,0.0
2970,0,0,3.0,299.9,72,0,0.09999999999999432,0.5199999999999996,027,downsampled,M,Me,M,0,0,21.39,21.43,44.46,44.69,570,1800,600,0.3746397694524495,-0.0028818443804035088
2970,0,0,2.99,299.9,40,0,0.09999999999999432,0.5200000000000102,028,downsampled,H,CO,M,0,0,22.43,22.47,41.17,41.44,570,1800,600,0.3421052631578947,0.0
2970,0,0,3.0,299.91,52,0,0.09999999999999432,0.5100000000000193,029,downsampled,M,Me,n,0,0,21.37,21.43,44.33,44.49,570,1800,600,0.24928366762177645,-0.005714285714285672
2970,0,0,3.0,299.9,61,0,0.09999999999999432,0.509999999999998,030,downsampled,n,CO,L,0,0,22.44,22.47,41.27,41.47,570,1800,600,0.09329446064139946,0.0
2970,0,0,3.0,299.91,55,0,0.09999999999999432,0.5100000000000051,031,downsampled,H,Me,M,0,0,21.36,21.42,44.26,44.39,570,1800,600,0.4683908045977012,-0.002873563218390829
2970,0,0,3.0,299.91,69,0,0.09999999999999432,0.6500000000000057,032,downsampled,H,CO,n,0,0,22.43,22.47,41.13,41.3,570,1800,600,0.28023598820059004,0.0
2970,0,0,3.0,299.9,94,0,0.09999999999999432,0.789999999999992,033,downsampled,L,Me,H,0,0,21.36,21.41,44.23,44.36,570,1800,600,0.3116147308781869,-0.005633802816901401
2970,0,0,3.0,299.91,90,0,0.09999999999999432,0.5200000000000102,034,downsampled,H,CO,H,0,0,22.42,22.46,40.9,41.2,570,1800,600,0.3852941176470588,0.002949852507374562
2970,0,0,3.0,299.91,153,0,0.09999999999999432,0.5400000000000205,035,downsampled,H,Me,n,0,0,21.34,21.4,44.09,44.29,570,1800,600,0.3154929577464789,-0.0056022408963585235
2970,0,0,2.99,299.9,52,0,0.09999999999999432,0.8300000000000125,036,downsampled,L,CO,H,0,0,22.4,22.46,40.86,41.0,570,1800,600,0.29253731343283573,0.0
2970,0,0,3.0,299.9,80,0,0.09999999999999432,0.5300000000000011,037,downsampled,L,Me,M,0,0,21.33,21.38,43.89,44.13,570,1800,600,0.2719546742209631,0.0
2970,0,0,3.0,299.91,54,0,0.09999999999999432,0.5300000000000011,038,downsampled,M,CO,M,0,0,22.38,22.43,40.8,40.96,570,1800,600,0.2589285714285714,-0.0029673590504450953
2970,0,0,3.0,299.9,55,0,0.09999999999999432,0.5100000000000193,039,downsampled,L,Me,L,0,0,21.31,21.36,43.69,43.9,570,1800,600,0.17428571428571438,-0.008522727272727293
2970,0,0,3.0,299.91,40,0,0.09999999999999432,0.5200000000000102,040,downsampled,H,CO,L,0,0,22.36,22.42,40.83,40.96,570,1800,600,0.29909365558912393,0.006079027355623046
2970,0,0,3.0,299.9,76,0,0.09999999999999432,0.519999999999996,041,downsampled,M,Me,L,0,0,21.28,21.34,43.36,43.7,570,1800,600,0.24637681159420288,-0.0028901734104046506
2970,0,0,3.0,299.9,35,0,0.09999999999999432,0.5100000000000477,042,downsampled,L,CO,n,0,0,22.4,22.45,37.38,37.83,570,1800,600,0.0757097791798107,-0.0031446540880503138
2970,0,0,2.99,299.9,28,0,0.09999999999999432,0.5099999999999909,043,downsampled,n,Me,M,0,0,21.94,22.03,44.79,44.95,570,1800,600,0.28106508875739644,0.005934718100890191
2970,0,0,2.99,299.91,63,0,0.09999999999999432,0.5200000000000102,044,downsampled,M,CO,n,0,0,22.32,22.39,40.89,41.09,571,1799,600,0.20516717325227973,0.0
2970,0,0,3.0,299.9,30,0,0.09999999999999432,0.5100000000000193,045,downsampled,n,Me,L,0,0,21.27,21.32,43.13,43.4,570,1800,600,0.03508771929824572,-0.002915451895043719
2970,0,0,3.01,299.9,75,0,0.09999999999999432,0.5200000000000387,046,downsampled,n,CO,H,0,0,22.29,22.36,41.06,41.29,570,1800,600,0.21492537313432836,0.0029940119760478723
2970,0,0,3.0,299.9,66,0,0.09999999999999432,0.5300000000000296,047,downsampled,L,Me,n,0,0,21.24,21.29,42.86,43.16,570,1800,600,0.16715542521994142,-0.0029325513196480912
2970,0,0,3.0,299.91,99,0,0.09999999999999432,0.5199999999999818,048,downsampled,L,CO,n,0,0,22.27,22.33,41.28,41.42,570,1800,600,0.12094395280235992,0.002949852507374562
2970,0,0,3.0,299.9,102,0,0.09999999999999432,0.5200000000000387,049,downsampled,n,Me,M,0,0,21.22,21.26,42.46,42.9,570,1800,600,0.09495548961424327,-0.00591715976331364
2970,0,0,3.0,299.9,118,0,0.09999999999999432,0.620000000000001,050,downsampled,L,CO,L,0,0,22.24,22.3,41.35,41.48,570,1800,600,0.17836257309941517,0.0029325513196480912
2970,0,0,3.0,299.91,70,0,0.09999999999999432,0.5200000000000102,051,downsampled,H,Me,H,0,0,21.17,21.23,41.9,42.46,570,1800,600,0.4354354354354355,-0.005988023952095856
2970,0,0,2.99,299.9,31,0,0.09999999999999432,0.5200000000000387,052,downsampled,L,CO,M,0,0,22.22,22.28,41.41,41.51,571,1799,600,0.2128279883381925,0.0058651026392961825
2970,0,0,3.0,299.91,52,0,0.09999999999999432,0.5200000000000102,053,downsampled,M,Me,H,0,0,21.15,21.2,41.16,41.83,571,1799,600,0.3772455089820359,-0.005952380952380931
2970,0,0,2.99,299.9,60,0,0.09999999999999432,0.5200000000000102,054,downsampled,M,CO,L,0,0,22.18,22.24,41.38,41.51,571,1799,600,0.22965116279069764,0.0
2970,0,0,3.0,299.9,60,0,0.09999999999999432,0.9800000000000004,055,downsampled,H,Me,L,0,0,21.12,21.18,40.59,41.1,570,1800,600,0.3867069486404835,-0.0060240963855421326
2970,0,0,3.0,299.91,122,0,0.09999999999999432,0.5300000000000011,056,downsampled,n,CO,M,0,0,22.13,22.19,41.4,41.54,570,1800,600,0.12753623188405805,0.0029069767441860517
2970,0,0,3.0,299.9,34,0,0.09999999999999432,0.5200000000000387,057,downsampled,n,Me,H,0,0,21.07,21.14,40.22,40.62,570,1800,600,0.21818181818181825,-0.0060422960725075026
2970,0,0,3.03,299.91,58,0,0.09999999999999432,0.5199999999999996,058,downsampled,M,CO,H,0,0,22.09,22.16,41.4,41.5,570,1800,600,0.28445747800586507,0.002941176470588225
2970,0,0,2.99,299.9,48,0,0.09999999999999432,0.539999999999992,059,downsampled,M,Me,M,0,0,21.04,21.1,39.85,40.22,570,1800,600,0.35151515151515156,-0.0030211480362537513
2970,0,0,3.0,299.9,78,0,0.09999999999999432,0.5300000000000011,060,downsampled,H,CO,M,0,0,22.07,22.12,41.4,41.53,570,1800,600,0.2947976878612717,0.0028985507246377384
2970,0,0,3.0,299.91,54,0,0.09999999999999432,0.5300000000000011,061,downsampled,M,Me,n,0,0,21.01,21.07,39.54,39.88,570,1800,600,0.2613981762917934,-0.0060606060606061
2970,0,0,3.0,299.9,88,0,0.09999999999999432,0.5200000000000031,062,downsampled,n,CO,L,0,0,22.03,22.1,41.42,41.56,569,1801,600,0.09455587392550147,0.005747126436781658
2970,0,0,3.0,299.91,35,0,0.09999999999999432,0.5200000000000102,063,downsampled,H,Me,M,0,0,20.98,21.04,39.47,39.71,570,1801,599,0.44744744744744747,0.0
2970,0,0,3.0,299.9,70,0,0.09999999999999432,0.7200000000000273,064,downsampled,L,CO,L,0,0,22.39,22.43,37.52,37.89,570,1800,600,0.1993670886075949,0.0
2970,0,0,3.0,299.91,64,0,0.09999999999999432,0.5200000000000387,065,downsampled,H,Me,H,0,0,21.9,21.97,44.79,44.95,570,1800,600,0.43401759530791795,0.002941176470588225
2970,0,0,3.0,299.9,25,0,0.09999999999999432,0.5100000000000193,066,downsampled,H,CO,n,0,0,22.0,22.06,41.46,41.66,570,1800,600,0.2619718309859156,0.0028248587570620654
2970,0,0,2.99,299.91,76,0,0.09999999999999432,0.6100000000000136,067,downsampled,L,Me,H,0,0,20.96,21.0,39.74,40.01,570,1800,600,0.2928994082840237,-0.00588235294117645
2970,0,0,3.0,299.9,29,0,0.09999999999999432,0.5100000000000051,068,downsampled,H,CO,H,0,0,21.98,22.04,41.49,41.62,570,1800,600,0.3102493074792243,0.002777777777777768
2970,0,0,3.0,299.9,71,0,0.09999999999999432,0.5199999999999818,069,downsampled,H,Me,n,0,0,20.94,20.98,40.01,40.41,570,1800,600,0.3255813953488371,-0.005797101449275366
2970,0,0,3.0,299.9,76,0,0.09999999999999432,0.5199999999999818,070,downsampled,L,CO,H,0,0,21.96,22.02,41.42,41.55,571,1799,600,0.22222222222222232,0.0027855153203342198
2970,0,0,3.0,299.9,29,0,0.09999999999999432,0.5300000000000011,071,downsampled,L,Me,M,0,0,20.92,20.96,40.54,40.97,571,1799,600,0.2419825072886297,-0.005813953488372103
2970,0,0,2.99,299.9,55,0,0.09999999999999432,0.519999999999996,072,downsampled,M,CO,M,0,0,21.94,22.01,40.81,41.35,570,1800,600,0.23446327683615809,0.0028328611898016387
2970,0,0,3.0,299.9,110,0,0.09999999999999432,0.5100000000000193,073,downsampled,L,Me,L,0,0,20.91,20.96,41.07,41.47,570,1800,600,0.17251461988304095,-0.005830903790087438
2970,0,0,2.99,299.91,62,0,0.09999999999999432,0.5200000000000102,074,downsampled,H,CO,L,0,0,21.91,21.96,40.31,40.75,570,1800,600,0.27920227920227925,0.005730659025787954
2970,0,0,3.0,299.9,55,0,0.09999999999999432,0.5100000000000051,075,downsampled,M,Me,L,0,0,20.92,20.95,41.54,41.8,570,1800,600,0.21264367816091956,0.0
2970,0,0,3.01,299.9,131,0,0.09999999999999432,0.9400000000000119,076,downsampled,M,CO,n,0,0,21.88,21.94,39.56,40.24,570,1800,600,0.19263456090651565,0.0028409090909091717
2970,0,0,3.0,299.9,95,0,0.09999999999999432,0.5200000000000102,077,downsampled,n,Me,L,0,0,20.92,20.96,41.8,42.07,570,1800,600,0.014409221902017322,-0.002873563218390829
2970,0,0,2.99,299.91,42,0,0.09999999999999432,0.519999999999996,078,downsampled,n,CO,H,0,0,21.84,21.9,38.35,39.33,570,1800,600,0.1613832853025936,0.0
2970,0,0,3.0,299.9,39,0,0.09999999999999432,0.519999999999996,079,downsampled,L,Me,n,0,0,20.92,20.96,42.07,42.3,570,1800,600,0.1424418604651163,0.0
2970,0,0,3.0,299.9,55,0,0.09999999999999432,0.5200000000000102,080,downsampled,L,CO,n,0,0,21.79,21.85,37.22,38.08,571,1799,600,0.12244897959183665,0.0058651026392961825
2970,0,0,3.0,299.9,68,0,0.09999999999999432,0.5200000000000387,081,downsampled,n,Me,M,0,0,20.91,20.95,42.27,42.43,570,1800,600,0.060518731988472574,-0.005747126436781658
2970,0,0,3.0,299.9,64,0,0.09999999999999432,0.6000000000000227,082,downsampled,L,CO,L,0,0,21.76,21.82,36.78,37.26,570,1800,600,0.1498559077809798,0.0028901734104045396
2970,0,0,3.0,299.9,27,0,0.09999999999999432,0.5100000000000193,083,downsampled,H,Me,H,0,0,20.88,20.94,42.43,42.69,570,1800,600,0.3866279069767442,-0.0029069767441860517
2970,0,0,3.0,299.9,111,0,0.09999999999999432,0.5200000000000387,084,downsampled,L,CO,M,0,0,21.71,21.78,36.23,36.84,570,1800,600,0.17528735632183912,0.0028818443804035088
2970,0,0,3.0,299.81,39,0,0.09999999999999432,0.5100000000000193,085,downsampled,M,Me,H,0,0,20.84,20.91,42.52,42.79,570,1800,600,0.32276657060518743,0.0
2970,0,0,3.0,299.9,49,0,0.09999999999999432,0.5200000000000031,086,downsampled,L,CO,M,0,0,22.38,22.44,38.06,38.47,571,1799,600,0.23197492163009414,0.003144654088050425
2970,0,0,2.99,299.9,37,0,0.09999999999999432,0.5200000000000102,087,downsampled,M,Me,H,0,0,21.85,21.93,44.81,45.01,570,1800,600,0.38053097345132736,0.002958579881656709
2970,0,0,3.13,299.9,68,0,0.09999999999999432,0.5300000000000011,088,downsampled,M,CO,L,0,0,21.67,21.73,36.05,36.43,570,1800,600,0.1954022988505748,0.0057636887608070175
2970,0,0,3.0,299.9,69,0,0.09999999999999432,0.5200000000000387,089,downsampled,H,Me,L,0,0,20.79,20.86,42.19,42.52,570,1800,600,0.24207492795389052,0.0
2970,0,0,3.0,299.9,173,0,0.09999999999999432,0.6099999999999852,090,downsampled,n,CO,M,0,0,21.63,21.7,35.91,36.15,570,1800,600,0.10115606936416177,-0.0028901734104046506
2970,0,0,3.0,299.9,101,0,0.09999999999999432,0.5200000000000387,091,downsampled,n,Me,H,0,0,20.71,20.8,41.94,42.22,571,1799,600,0.20175438596491224,0.0058651026392961825
2970,0,0,2.99,299.91,75,0,0.09999999999999432,0.5100000000000193,092,downsampled,M,CO,H,0,0,21.61,21.66,35.94,36.11,571,1799,600,0.25217391304347836,0.0029069767441860517
2970,0,0,3.0,299.9,85,0,0.09999999999999432,0.5300000000000011,093,downsampled,M,Me,M,0,0,20.64,20.72,41.47,41.94,570,1800,600,0.21533923303834812,-0.002941176470588225
2970,0,0,2.99,299.91,72,0,0.09999999999999432,0.5100000000000002,094,downsampled,H,CO,M,0,0,21.57,21.64,36.14,36.62,568,1802,600,0.27428571428571424,0.005747126436781658
2970,0,0,3.0,299.9,33,0,0.09999999999999432,0.5100000000000051,095,downsampled,M,Me,n,0,0,20.56,20.64,41.43,41.57,570,1800,600,0.1160714285714286,0.0
2970,0,0,3.0,299.91,53,0,0.09999999999999432,0.5099999999999998,096,downsampled,n,CO,L,0,0,21.55,21.59,36.72,37.3,571,1799,600,0.057636887608069065,0.0028901734104045396
2970,0,0,3.0,299.9,74,0,0.09999999999999432,0.5200000000000102,097,downsampled,H,Me,M,0,0,20.5,20.58,41.32,41.53,570,1800,600,0.27409638554216875,0.009090909090909038
2970,0,0,2.99,299.9,99,0,0.09999999999999432,0.9399999999999977,098,downsampled,H,CO,n,0,0,21.53,21.57,37.44,37.98,570,1800,600,0.27920227920227925,0.002849002849002913
2970,0,0,2.99,299.9,54,0,0.09999999999999432,0.5200000000000102,099,downsampled,L,Me,H,0,0,20.43,20.51,41.05,41.32,570,1800,600,0.25525525525525516,-0.0030030030030030463
2970,0,0,3.0,299.91,52,0,0.09999999999999432,0.5200000000000031,100,downsampled,H,CO,H,0,0,21.52,21.57,38.11,38.65,570,1800,600,0.3184357541899441,0.0
2970,0,0,2.99,299.9,91,0,0.09999999999999432,0.5200000000000102,101,downsampled,H,Me,n,0,0,20.36,20.44,40.74,41.02,570,1800,600,0.15522388059701497,0.0029940119760478723
2970,0,0,3.0,299.9,97,0,0.09999999999999432,0.5100000000000193,102,downsampled,L,CO,H,0,0,21.52,21.57,38.72,38.96,570,1800,600,0.2078651685393258,0.0014064697609001975
2970,0,0,2.99,299.9,47,0,0.09999999999999432,0.5200000000000387,103,downsampled,L,Me,M,0,0,20.3,20.38,40.54,40.78,570,1800,600,0.18787878787878798,0.0
2970,0,0,3.01,299.9,114,0,0.09999999999999432,0.7999999999999972,104,downsampled,M,CO,M,0,0,21.51,21.56,38.92,38.99,570,1800,600,0.23163841807909602,0.0056657223796034994
2970,0,0,3.0,299.9,120,0,0.09999999999999432,0.5299999999999976,105,downsampled,L,Me,L,0,0,20.23,20.32,40.33,40.54,570,1800,600,0.12538226299694188,-0.0030487804878048808
2970,0,0,3.0,299.9,47,0,0.09999999999999432,0.5100000000000193,106,downsampled,H,CO,L,0,0,21.48,21.54,38.92,39.15,571,1799,600,0.25141242937853114,0.0
2970,0,0,2.99,299.9,33,0,0.09999999999999432,0.6299999999999955,107,downsampled,M,Me,L,0,0,20.17,20.26,39.86,40.33,570,1800,600,0.1595092024539877,-0.006116207951070374
2970,0,0,2.99,299.91,109,0,0.09999999999999432,0.5200000000000102,108,downsampled,M,CO,L,0,0,22.4,22.44,38.61,38.98,570,1800,600,0.26875000000000004,0.0031250000000000444
2970,0,0,3.0,299.9,22,0,0.09999999999999432,0.5099999999999909,109,downsampled,H,Me,L,0,0,21.81,21.89,44.94,45.07,570,1800,600,0.3411764705882352,0.002949852507374562
2970,0,0,2.99,299.91,96,0,0.09999999999999432,0.9899999999999807,110,downsampled,M,CO,n,0,0,21.46,21.51,39.19,39.76,570,1800,600,0.17045454545454541,0.002849002849002913
2970,0,0,3.0,299.9,28,0,0.09999999999999432,0.8999999999999986,111,downsampled,n,Me,L,0,0,20.1,20.19,39.72,39.92,570,1801,599,0.04643962848297223,0.0
2970,0,0,2.99,299.91,81,0,0.09999999999999432,0.5200000000000102,112,downsampled,n,CO,H,0,0,21.45,21.5,39.92,40.4,570,1800,600,0.14204545454545459,0.0
2970,0,0,3.0,299.9,49,0,0.09999999999999432,0.5200000000000387,113,downsampled,L,Me,n,0,0,20.04,20.13,39.41,39.72,570,1800,600,0.08000000000000007,0.03154574132492116
2970,0,0,2.76,299.9,124,0,0.09999999999999432,0.5200000000000031,114,downsampled,L,CO,n,0,0,21.43,21.49,40.5,41.03,569,1801,600,0.12535612535612528,-0.002849002849002802
2970,0,0,2.99,299.91,42,0,0.09999999999999432,0.5300000000000011,115,downsampled,n,Me,M,0,0,20.01,20.07,39.37,39.58,570,1800,600,0.14779874213836486,0.0
2970,0,0,3.0,299.91,58,0,0.09999999999999432,0.5300000000000296,116,downsampled,L,CO,L,0,0,21.4,21.47,41.13,41.59,570,1800,600,0.1657142857142857,0.002865329512893977
2970,0,0,3.0,299.91,37,0,0.09999999999999432,0.5300000000000296,117,downsampled,H,Me,H,0,0,20.06,20.12,39.44,39.78,570,1800,600,0.3227848101265822,-0.0031645569620253333
2970,0,0,3.0,299.83,73,0,0.09999999999999432,0.5200000000000387,118,downsampled,L,CO,M,0,0,21.39,21.44,41.66,42.05,570,1800,600,0.17563739376770537,-0.0028328611898017497
2970,0,0,2.99,299.9,64,0,0.09999999999999432,0.5200000000000387,119,downsampled,M,Me,H,0,0,20.16,20.22,39.19,39.52,570,1800,600,0.34267912772585674,-0.009287925696594423
2970,0,0,3.15,299.79,96,0,0.09999999999999432,0.5199999999999996,120,downsampled,M,CO,L,0,0,21.38,21.42,42.05,42.38,570,1801,599,0.21813031161473084,0.0014184397163119478
2970,0,0,3.0,299.91,81,0,0.09999999999999432,0.5200000000000102,121,downsampled,H,Me,L,0,0,20.23,20.3,38.73,39.26,570,1800,600,0.19496855345911945,-0.006269592476489061
2970,0,0,3.0,299.89,68,0,0.09999999999999432,0.5200000000000031,122,downsampled,n,CO,M,0,0,21.36,21.42,42.32,42.68,570,1800,600,0.05099150141643061,-0.0028328611898017497
2970,0,0,3.0,299.9,38,0,0.09999999999999432,0.5100000000000193,123,downsampled,n,Me,H,0,0,20.31,20.38,38.39,38.73,570,1800,600,0.3047619047619048,0.0
2970,0,0,2.78,299.9,105,0,0.09999999999999432,0.5200000000000102,124,downsampled,M,CO,H,0,0,21.36,21.4,42.71,42.94,570,1800,600,0.26,0.002865329512893977
2970,0,0,3.0,299.9,45,0,0.09999999999999432,0.519999999999996,125,downsampled,M,Me,M,0,0,20.38,20.44,37.93,38.4,570,1800,600,0.3587301587301588,-0.006329113924050667
2970,0,0,3.0,299.9,106,0,0.09999999999999432,0.5100000000000193,126,downsampled,H,CO,M,0,0,21.33,21.38,42.77,42.91,570,1800,600,0.2564102564102564,0.0028571428571428914
2970,0,0,2.99,299.9,42,0,0.09999999999999432,0.5400000000000063,127,downsampled,M,Me,n,0,0,20.43,20.48,37.6,38.14,571,1799,600,0.03536977491961424,-0.0032051282051281937
2970,0,0,2.99,299.9,116,0,0.09999999999999432,0.5200000000000102,128,downsampled,n,CO,L,0,0,21.3,21.36,42.64,42.81,569,1801,600,0.06321839080459779,0.0
2970,0,0,2.99,299.9,36,0,0.09999999999999432,0.5200000000000102,129,downsampled,H,Me,M,0,0,20.48,20.54,37.3,37.84,570,1800,600,0.38888888888888884,-0.0032573289902280145
2970,0,0,3.0,299.9,100,0,0.09999999999999432,0.980000000000004,130,downsampled,n,CO,M,0,0,22.4,22.44,39.15,39.49,570,1800,600,0.1554878048780488,0.003058103975535076
2970,0,0,3.0,299.91,47,0,0.09999999999999432,0.5300000000000011,131,downsampled,n,Me,H,0,0,21.76,21.83,44.99,45.13,570,1800,600,0.2544378698224852,0.0029673590504450953
2970,0,0,2.99,299.9,95,0,0.09999999999999432,0.5200000000000387,132,downsampled,H,CO,n,0,0,21.25,21.33,42.57,43.0,570,1800,600,0.1919770773638969,0.002873563218390718
2970,0,0,3.0,299.9,125,0,0.09999999999999432,0.5200000000000387,133,downsampled,L,Me,H,0,0,20.53,20.58,37.13,37.61,570,1800,600,0.33333333333333326,0.0
2970,0,0,3.0,299.91,119,0,0.09999999999999432,0.5200000000000102,134,downsampled,H,CO,H,0,0,21.23,21.28,43.16,43.72,570,1800,600,0.26801152737752165,0.0
2970,0,0,3.0,299.91,43,0,0.09999999999999432,0.5199999999999818,135,downsampled,H,Me,n,0,0,20.59,20.64,36.66,37.41,571,1799,600,0.022950819672131084,0.013245033112582849
2970,0,0,3.0,299.91,180,0,0.09999999999999432,0.5200000000000102,136,downsampled,L,CO,H,0,0,21.21,21.25,43.59,44.18,571,1799,600,0.18624641833810895,0.0
2970,0,0,3.0,299.91,57,0,0.09999999999999432,0.5200000000000102,137,downsampled,L,Me,M,0,0,20.62,20.68,36.4,36.94,571,1799,600,0.34219269102990024,0.0
2970,0,0,3.0,299.9,46,0,0.09999999999999432,0.5300000000000011,138,downsampled,M,CO,M,0,0,21.2,21.24,44.15,44.47,570,1800,600,0.2108262108262109,0.0028571428571428914
2970,0,0,3.0,299.9,34,0,0.09999999999999432,0.5100000000000193,139,downsampled,L,Me,L,0,0,20.67,20.72,36.64,36.94,570,1800,600,0.18446601941747565,-0.003225806451612856
2970,0,0,2.99,299.9,42,0,0.09999999999999432,0.5300000000000011,140,downsampled,H,CO,L,0,0,21.18,21.24,44.34,44.5,570,1800,600,0.24929178470254953,0.0
2970,0,0,3.0,299.9,52,0,0.09999999999999432,0.5199999999999818,141,downsampled,M,Me,L,0,0,20.72,20.77,36.34,36.95,570,1800,600,0.189710610932476,-0.003215434083601254
2970,0,0,2.99,299.9,74,0,0.09999999999999432,0.5300000000000011,142,downsampled,M,CO,n,0,0,21.16,21.22,44.2,44.34,570,1800,600,0.1797752808988764,-0.001404494382022503
2970,0,0,2.99,299.9,33,0,0.09999999999999432,0.6200000000000045,143,downsampled,n,Me,L,0,0,20.74,20.79,35.76,36.41,571,1799,600,0.18811881188118806,0.0033003300330032292
2970,0,0,3.0,299.91,38,0,0.09999999999999432,0.5300000000000011,144,downsampled,n,CO,H,0,0,21.13,21.2,44.27,44.66,570,1800,600,0.09749303621169925,0.0027932960893854997
2970,0,0,3.0,299.91,59,0,0.09999999999999432,0.5199999999999996,145,downsampled,L,Me,n,0,0,20.78,20.84,35.86,36.27,570,1800,600,0.019736842105263053,-0.012987012987012991
2970,0,0,3.0,299.9,77,0,0.09999999999999432,0.5200000000000102,146,downsampled,L,CO,n,0,0,21.09,21.15,44.69,45.05,570,1800,600,0.11549295774647894,0.0
2970,0,0,3.0,299.91,30,0,0.09999999999999432,0.509999999999998,147,downsampled,n,Me,M,0,0,20.82,20.87,36.04,36.41,570,1800,600,0.31803278688524594,-0.011419249592169667
2970,0,0,3.0,299.9,94,0,0.09999999999999432,0.6599999999999682,148,downsampled,L,CO,L,0,0,21.08,21.13,44.91,45.01,570,1800,600,0.148876404494382,0.002808988764045006
2970,0,0,3.0,300.06,77,0,0.09999999999999432,0.5900000000000034,149,downsampled,H,Me,H,0,0,20.86,20.9,36.07,36.52,570,1800,600,0.35691318327974275,0.003225806451612856
2970,0,0,3.0,299.91,130,0,0.09999999999999432,0.8100000000000023,150,downsampled,L,CO,M,0,0,21.04,21.12,44.58,44.91,570,1800,600,0.12742382271468133,-0.002762430939226568
2970,0,0,3.0,299.91,95,0,0.09999999999999432,0.5200000000000102,151,downsampled,M,Me,H,0,0,20.89,20.93,35.67,36.28,570,1800,600,0.3782051282051282,0.0
2970,0,0,3.0,299.9,69,0,0.09999999999999432,0.5200000000000387,152,downsampled,M,CO,H,0,0,22.4,22.45,39.62,39.96,570,1800,600,0.30924855491329484,0.0028985507246377384
2970,0,0,2.99,299.91,78,0,0.09999999999999432,0.5200000000000102,153,downsampled,M,Me,M,0,0,21.71,21.8,44.92,45.0,570,1800,600,0.3775811209439528,0.0
2970,0,0,3.0,299.9,91,0,0.09999999999999432,0.52,154,downsampled,M,CO,L,0,0,21.01,21.08,43.69,44.39,570,1800,600,0.17877094972067042,0.0
2970,0,0,3.0,299.91,53,0,0.09999999999999432,0.5200000000000102,155,downsampled,H,Me,L,0,0,20.9,20.95,35.6,36.11,570,1800,600,0.2612903225806451,-0.003225806451612856
2970,0,0,2.99,299.9,178,0,0.09999999999999432,0.5300000000000011,156,downsampled,n,CO,M,0,0,20.97,21.04,42.27,43.3,569,1801,600,0.06162464985994398,0.002808988764045006
2970,0,0,3.0,299.91,25,0,0.09999999999999432,0.5200000000000102,157,downsampled,n,Me,H,0,0,20.92,20.96,35.71,36.18,570,1800,600,0.3173076923076923,0.0
2970,0,0,3.0,299.9,98,0,0.09999999999999432,0.980000000000004,158,downsampled,M,CO,H,0,0,20.92,21.0,41.34,42.14,570,1800,600,0.20281690140845066,0.0
2970,0,0,3.0,299.9,111,0,0.09999999999999432,0.5399999999999991,159,downsampled,M,Me,M,0,0,20.94,20.98,35.88,36.29,570,1800,600,0.3762057877813505,0.003215434083601254
2970,0,0,3.0,299.9,107,0,0.09999999999999432,0.5200000000000031,160,downsampled,H,CO,M,0,0,20.86,20.94,40.43,41.14,570,1800,600,0.22571428571428576,0.0
2970,0,0,3.0,299.9,88,0,0.09999999999999432,0.519999999999996,161,downsampled,M,Me,n,0,0,20.98,21.01,35.95,36.36,570,1800,600,0.02507836990595602,0.0
2970,0,0,3.0,299.9,43,0,0.09999999999999432,0.5100000000000051,162,downsampled,n,CO,L,0,0,20.82,20.88,40.12,40.43,570,1800,600,0.034383954154727725,-0.002865329512893977
2970,0,0,3.0,299.91,71,0,0.09999999999999432,0.5099999999999909,163,downsampled,H,Me,M,0,0,20.99,21.04,35.78,36.29,570,1800,600,0.3769968051118211,-0.0031746031746031633
2970,0,0,3.0,299.9,79,0,0.09999999999999432,0.5200000000000031,164,downsampled,H,CO,n,0,0,20.76,20.86,39.92,40.19,570,1800,600,0.24277456647398843,0.0
2970,0,0,3.0,299.91,70,0,0.09999999999999432,0.5200000000000102,165,downsampled,L,Me,H,0,0,21.0,21.04,35.71,36.16,570,1800,600,0.33439490445859876,0.0
2970,0,0,3.0,299.9,61,0,0.09999999999999432,0.5300000000000296,166,downsampled,H,CO,H,0,0,20.73,20.79,39.71,39.99,570,1800,600,0.27665706051873196,0.0
2970,0,0,2.99,299.91,49,0,0.09999999999999432,0.5200000000000387,167,downsampled,H,Me,n,0,0,21.02,21.05,35.54,36.16,571,1799,600,0.07619047619047614,0.0
2970,0,0,3.0,299.91,73,0,0.09999999999999432,0.5200000000000102,168,downsampled,L,CO,H,0,0,20.7,20.77,39.41,39.78,570,1800,600,0.19075144508670516,0.0
2970,0,0,2.99,299.9,63,0,0.09999999999999432,0.6700000000000159,169,downsampled,L,Me,M,0,0,21.02,21.06,35.48,35.92,570,1800,600,0.32615384615384624,0.0
2970,0,0,2.99,299.9,87,0,0.09999999999999432,0.519999999999996,170,downsampled,M,CO,M,0,0,20.67,20.74,39.04,39.58,570,1800,600,0.18823529411764706,0.0
2970,0,0,3.0,299.9,71,0,0.09999999999999432,0.5200000000000102,171,downsampled,L,Me,L,0,0,21.07,21.23,35.9,36.23,570,1800,600,-0.006153846153846176,-0.006116207951070374
2970,0,0,2.99,299.9,44,0,0.09999999999999432,0.5200000000000102,172,downsampled,H,CO,L,0,0,20.63,20.69,39.24,39.64,570,1800,600,0.28445747800586507,0.0
2970,0,0,3.0,299.91,52,0,0.09999999999999432,0.5300000000000296,173,downsampled,M,Me,L,0,0,21.28,21.44,35.67,35.91,571,1799,600,-0.004680187207488307,-0.009316770186335366
2970,0,0,2.99,299.9,27,0,0.09999999999999432,0.5199999999999996,174,downsampled,H,CO,M,0,0,22.42,22.46,40.09,40.36,570,1800,600,0.32748538011695905,0.0029325513196480912
2970,0,0,2.99,299.9,39,0,0.09999999999999432,0.5200000000000102,175,downsampled,M,Me,n,0,0,21.67,21.74,44.85,44.99,570,1800,600,0.23303834808259594,0.0
2970,0,0,2.99,299.9,101,0,0.09999999999999432,0.7100000000000009,176,downsampled,M,CO,n,0,0,20.6,20.66,39.71,40.04,570,1800,600,0.20058139534883712,0.0
2970,0,0,3.0,299.9,48,0,0.09999999999999432,0.5999999999999943,177,downsampled,n,Me,L,0,0,21.51,21.68,35.6,35.8,570,1800,600,-0.012269938650306789,-0.006116207951070374
2970,0,0,2.99,299.9,81,0,0.09999999999999432,0.6199999999999974,178,downsampled,n,CO,L,0,0,22.42,22.46,40.43,40.63,570,1800,600,0.05341246290801194,0.0
2970,0,0,3.01,299.9,27,0,0.09999999999999432,0.5100000000000051,179,downsampled,H,Me,M,0,0,21.64,21.69,44.81,44.92,570,1800,600,0.45833333333333326,0.0029850746268655914
16764,0,0,1.92,300.0,80,0,0.01999999999999602,0.519999999999996,000,raw,H,CO,n,0,0,22.42,22.46,40.63,40.73,2954,10147,3663,,
26887,0,0,1.0,300.0,1677,0,0.00999999999999801,0.5199999999999818,001,raw,L,Me,H,0,0,21.6,21.66,44.78,44.98,5723,16263,4901,,
16161,0,0,1.7,300.0,53,0,0.01999999999999602,0.5299999999999727,002,raw,H,CO,H,0,0,22.43,22.47,40.7,40.77,3526,9740,2895,,
15208,0,0,1.46,300.01,41,0,0.01999999999999602,0.5200000000000102,003,raw,H,Me,n,0,0,21.58,21.63,44.65,44.98,3255,8850,3103,,
15527,0,0,1.99,300.0,26,0,0.01999999999999602,0.5200000000000387,004,raw,L,CO,H,0,0,22.43,22.47,40.63,40.83,2790,9289,3448,,
16833,0,0,1.68,300.0,305,0,0.01999999999999602,0.5200000000000102,005,raw,L,Me,M,0,0,21.56,21.61,44.58,44.71,3910,10131,2792,,
15156,0,0,1.72,300.0,5,0,0.01999999999999602,0.5200000000000102,006,raw,M,CO,M,0,0,22.43,22.47,40.5,40.63,3297,9016,2843,,
18426,0,0,1.85,300.0,170,0,0.01999999999998181,0.5200000000000102,007,raw,L,Me,L,0,0,21.52,21.59,44.71,44.84,3120,10936,4370,,
15614,0,0,3.92,299.99,30,0,0.01999999999999602,0.5200000000000031,008,raw,H,CO,L,0,0,22.43,22.47,40.13,40.57,2693,9252,3669,,
19581,0,0,1.26,299.99,346,0,0.010000000000019327,0.5200000000000102,009,raw,M,Me,L,0,0,21.5,21.56,44.87,45.03,4609,11957,3015,,
25596,0,0,1.37,300.01,1275,0,0.00999999999999801,0.5200000000000031,010,raw,M,CO,n,0,0,22.43,22.48,39.96,40.23,4081,15755,5760,,
16329,0,0,1.93,299.99,47,0,0.01999999999999602,0.5200000000000102,011,raw,n,Me,L,0,0,21.46,21.53,45.03,45.16,3300,9970,3059,,
27427,0,0,1.0,300.0,1826,0,0.00999999999999801,0.5100000000000193,012,raw,n,CO,H,0,0,22.43,22.48,39.79,40.16,5103,17220,5104,,
13531,0,0,2.05,299.99,5,0,0.019999999999999574,0.5300000000000011,013,raw,L,Me,n,0,0,21.44,21.5,45.09,45.32,2749,7974,2808,,
27032,0,0,1.08,300.0,45,0,0.00999999999999801,0.5200000000000031,014,raw,L,CO,n,0,0,22.43,22.47,39.82,39.96,5066,16374,5592,,
14821,0,0,1.96,299.99,24,0,0.019999999999999574,0.509999999999998,015,raw,n,Me,M,0,0,21.43,21.48,45.28,45.41,2873,8954,2994,,
14964,0,0,1.98,300.0,34,0,0.019999999999999574,0.539999999999992,016,raw,L,CO,L,0,0,22.43,22.46,39.99,40.16,3000,9052,2912,,
13556,0,0,2.21,300.0,11,0,0.019999999999999574,0.7299999999999898,017,raw,H,Me,H,0,0,21.43,21.48,45.15,45.35,2661,8287,2608,,
20700,0,0,1.55,300.0,458,0,0.010000000000005116,0.6800000000000068,018,raw,L,CO,M,0,0,22.42,22.47,40.16,40.3,3565,13426,3709,,
14581,0,0,2.47,299.99,15,0,0.019999999999999574,0.5100000000000051,019,raw,M,Me,H,0,0,21.44,21.48,44.92,45.19,2826,8822,2933,,
25873,0,0,1.08,300.1,1627,0,0.00999999999999801,0.5200000000000102,020,raw,n,CO,H,0,0,22.41,22.46,37.59,38.07,4871,16015,4987,,
19882,0,0,2.25,300.28,1011,0,0.010000000000005116,0.9200000000000159,021,raw,L,Me,n,0,0,22.01,22.08,44.83,45.23,3264,12629,3989,,
23258,0,0,1.7,300.0,1099,0,0.010000000000005116,0.5100000000000193,022,raw,M,CO,L,0,0,22.43,22.48,40.3,40.5,3587,14281,5390,,
15454,0,0,1.99,299.99,17,0,0.01999999999999602,0.519999999999996,023,raw,H,Me,L,0,0,21.44,21.48,44.76,44.99,2818,9460,3176,,
17305,0,0,1.88,300.0,117,0,0.01999999999998181,0.5300000000000011,024,raw,n,CO,M,0,0,22.42,22.46,40.56,40.77,3800,10104,3401,,
16504,0,0,1.91,300.0,64,0,0.01999999999999602,0.5200000000000102,025,raw,n,Me,H,0,0,21.4,21.46,44.62,44.79,3023,10246,3235,,
19453,0,0,1.03,300.0,507,0,0.010000000000019327,0.5999999999999979,026,raw,M,CO,H,0,0,22.43,22.48,40.77,41.1,4485,12198,2770,,
26702,0,0,1.91,300.01,1712,0,0.00999999999999801,0.5199999999999996,027,raw,M,Me,M,0,0,21.39,21.43,44.46,44.69,4409,16805,5488,,
25262,0,0,1.93,300.0,1490,0,0.010000000000001563,0.5200000000000102,028,raw,H,CO,M,0,0,22.43,22.47,41.17,41.44,4350,15858,5054,,
28320,0,0,1.51,300.0,1836,0,0.00999999999999801,0.5100000000000193,029,raw,M,Me,n,0,0,21.37,21.43,44.33,44.5,5430,17129,5761,,
21623,0,0,1.3,300.0,121,0,0.010000000000005116,0.509999999999998,030,raw,n,CO,L,0,0,22.44,22.47,41.27,41.47,4436,12993,4194,,
22343,0,0,1.03,299.99,371,0,0.010000000000005116,0.5100000000000051,031,raw,H,Me,M,0,0,21.36,21.42,44.26,44.39,5144,13479,3720,,
15222,0,0,1.54,299.99,45,0,0.01999999999999602,0.6500000000000057,032,raw,H,CO,n,0,0,22.43,22.47,41.13,41.3,3096,9154,2972,,
16756,0,0,1.9,300.01,117,0,0.01999999999999602,0.789999999999992,033,raw,L,Me,H,0,0,21.36,21.41,44.23,44.36,2905,10365,3486,,
14335,0,0,1.96,299.99,19,0,0.019999999999999574,0.5200000000000102,034,raw,H,CO,H,0,0,22.42,22.46,40.9,41.2,2753,8635,2947,,
14166,0,0,1.9,300.01,33,0,0.019999999999999574,0.5400000000000205,035,raw,H,Me,n,0,0,21.34,21.4,44.09,44.29,2800,8833,2533,,
14926,0,0,1.97,299.99,28,0,0.019999999999999574,0.8300000000000125,036,raw,L,CO,H,0,0,22.4,22.46,40.86,41.0,2939,9124,2863,,
26932,0,0,1.17,300.0,67,0,0.00999999999999801,0.5300000000000011,037,raw,L,Me,M,0,0,21.33,21.38,43.89,44.13,5223,16207,5502,,
14340,0,0,1.96,299.99,14,0,0.019999999999999574,0.5300000000000011,038,raw,M,CO,M,0,0,22.38,22.43,40.8,40.96,2745,8672,2923,,
26588,0,0,1.26,300.0,1100,0,0.00999999999999801,0.5100000000000193,039,raw,L,Me,L,0,0,21.31,21.36,43.69,43.9,4833,16372,5383,,
15132,0,0,1.34,300.0,23,0,0.01999999999999602,0.5200000000000102,040,raw,H,CO,L,0,0,22.36,22.42,40.83,40.96,3161,8905,3066,,
27920,0,0,1.54,300.0,1894,0,0.00999999999999801,0.519999999999996,041,raw,M,Me,L,0,0,21.28,21.34,43.36,43.7,5688,16464,5768,,
14953,0,0,1.81,300.0,25,0,0.019999999999999574,0.5100000000000477,042,raw,L,CO,n,0,0,22.4,22.45,37.38,37.83,3028,8927,2998,,
14873,0,0,1.98,300.0,32,0,0.019999999999999574,0.5099999999999909,043,raw,n,Me,M,0,0,21.94,22.03,44.79,44.95,2950,8933,2990,,
16314,0,0,1.97,300.01,70,0,0.01999999999999602,0.5200000000000102,044,raw,M,CO,n,0,0,22.32,22.39,40.89,41.09,3792,9607,2915,,
23204,0,0,1.04,300.0,1295,0,0.010000000000005116,0.5100000000000193,045,raw,n,Me,L,0,0,21.27,21.32,43.13,43.43,5236,13893,4075,,
16626,0,0,1.74,300.0,55,0,0.01999999999999602,0.5200000000000387,046,raw,n,CO,H,0,0,22.29,22.36,41.06,41.29,3206,10387,3033,,
16239,0,0,1.9,300.0,379,0,0.01999999999999602,0.5300000000000296,047,raw,L,Me,n,0,0,21.24,21.29,42.86,43.16,2976,9756,3507,,
19702,0,0,1.68,300.01,173,0,0.010000000000019327,0.5199999999999818,048,raw,L,CO,n,0,0,22.27,22.33,41.28,41.42,3296,12232,4174,,
20306,0,0,2.01,300.0,194,0,0.010000000000019327,0.5200000000000387,049,raw,n,Me,M,0,0,21.22,21.26,42.46,42.9,2878,12344,5084,,
25936,0,0,1.06,300.0,95,0,0.00999999999999801,0.620000000000001,050,raw,L,CO,L,0,0,22.24,22.3,41.35,41.48,5002,15647,5287,,
14637,0,0,1.73,300.0,15,0,0.019999999999999574,0.5200000000000102,051,raw,H,Me,H,0,0,21.17,21.23,41.9,42.46,2890,8738,3009,,
15890,0,0,1.91,300.0,127,0,0.01999999999999602,0.5200000000000387,052,raw,L,CO,M,0,0,22.22,22.28,41.41,41.51,2966,9477,3447,,
20207,0,0,1.94,300.0,712,0,0.010000000000019327,0.5200000000000102,053,raw,M,Me,H,0,0,21.15,21.2,41.16,41.83,2899,12333,4975,,
20343,0,0,1.57,300.0,178,0,0.010000000000019327,0.5200000000000102,054,raw,M,CO,L,0,0,22.18,22.24,41.38,41.55,3660,12225,4458,,
28246,0,0,1.02,300.01,1770,0,0.00999999999999801,0.9800000000000004,055,raw,H,Me,L,0,0,21.12,21.18,40.59,41.1,5171,17277,5798,,
20986,0,0,1.19,300.0,824,0,0.010000000000005116,0.5300000000000011,056,raw,n,CO,M,0,0,22.13,22.19,41.4,41.54,4611,12923,3452,,
26233,0,0,1.0,300.01,1687,0,0.009999999999999787,0.5200000000000387,057,raw,n,Me,H,0,0,21.07,21.14,40.22,40.62,5632,15957,4644,,
14388,0,0,3.03,299.99,23,0,0.019999999999999574,0.5199999999999996,058,raw,M,CO,H,0,0,22.09,22.16,41.4,41.5,2701,8776,2911,,
16895,0,0,1.79,300.0,314,0,0.01999999999999602,0.539999999999992,059,raw,M,Me,M,0,0,21.04,21.1,39.85,40.22,3297,10180,3418,,
17597,0,0,2.46,300.0,67,0,0.01999999999998181,0.5300000000000011,060,raw,H,CO,M,0,0,22.07,22.12,41.4,41.53,2695,11147,3755,,
16015,0,0,2.46,299.99,57,0,0.01999999999999602,0.5300000000000011,061,raw,M,Me,n,0,0,21.01,21.07,39.54,39.88,2899,9656,3460,,
23369,0,0,1.98,300.0,1051,0,0.010000000000005116,0.5200000000000031,062,raw,n,CO,L,0,0,22.03,22.1,41.42,41.6,3065,14598,5706,,
18807,0,0,1.33,299.98,311,0,0.010000000000047748,0.5200000000000102,063,raw,H,Me,M,0,0,20.98,21.04,39.47,39.71,4101,11265,3441,,
21164,0,0,1.72,300.0,311,0,0.010000000000005116,0.7200000000000273,064,raw,L,CO,L,0,0,22.39,22.43,37.52,37.89,3555,12743,4866,,
17477,0,0,1.92,299.99,66,0,0.01999999999998181,0.5200000000000387,065,raw,H,Me,H,0,0,21.9,21.98,44.79,44.95,3328,10905,3244,,
28673,0,0,1.03,300.0,1906,0,0.00999999999999801,0.5100000000000193,066,raw,H,CO,n,0,0,22.0,22.06,41.46,41.66,5649,17336,5688,,
14581,0,0,2.06,300.0,22,0,0.019999999999999574,0.6100000000000136,067,raw,L,Me,H,0,0,20.96,21.0,39.74,40.01,2987,8695,2899,,
28720,0,0,1.0,300.0,924,0,0.00999999999999801,0.5100000000000051,068,raw,H,CO,H,0,0,21.98,22.04,41.49,41.62,5663,17287,5770,,
14347,0,0,2.0,300.0,13,0,0.019999999999999574,0.5199999999999818,069,raw,H,Me,n,0,0,20.94,20.98,40.01,40.41,2899,8648,2800,,
27987,0,0,1.02,300.0,1860,0,0.00999999999999801,0.5199999999999818,070,raw,L,CO,H,0,0,21.96,22.02,41.42,41.55,5618,16929,5440,,
25305,0,0,1.14,300.0,19,0,0.00999999999999801,0.5300000000000011,071,raw,L,Me,M,0,0,20.92,20.96,40.54,40.97,4960,15284,5061,,
19440,0,0,1.31,300.0,381,0,0.01999999999998181,0.519999999999996,072,raw,M,CO,M,0,0,21.94,22.01,40.81,41.38,4701,11648,3091,,
13926,0,0,1.96,300.0,4,0,0.019999999999999574,0.5100000000000193,073,raw,L,Me,L,0,0,20.91,20.96,41.07,41.47,2738,8352,2836,,
14309,0,0,1.97,300.0,11,0,0.019999999999999574,0.5200000000000102,074,raw,H,CO,L,0,0,21.91,21.96,40.31,40.75,2850,8626,2833,,
17928,0,0,1.73,300.0,44,0,0.01999999999998181,0.5100000000000051,075,raw,M,Me,L,0,0,20.92,20.95,41.54,41.8,3089,10875,3964,,
19057,0,0,1.72,299.99,227,0,0.010000000000019327,0.9400000000000119,076,raw,M,CO,n,0,0,21.88,21.94,39.56,40.24,3335,11328,4394,,
20787,0,0,1.37,300.0,263,0,0.010000000000005116,0.5200000000000102,077,raw,n,Me,L,0,0,20.92,20.96,41.8,42.07,4253,12682,3852,,
16240,0,0,1.64,300.0,59,0,0.01999999999999602,0.519999999999996,078,raw,n,CO,H,0,0,21.84,21.9,38.35,39.33,3607,9563,3070,,
21604,0,0,1.94,300.0,325,0,0.010000000000005116,0.519999999999996,079,raw,L,Me,n,0,0,20.92,20.96,42.07,42.3,3099,12970,5535,,
25680,0,0,1.63,300.01,1627,0,0.00999999999999801,0.5200000000000102,080,raw,L,CO,n,0,0,21.79,21.85,37.22,38.08,4450,15629,5601,,
15097,0,0,1.05,300.0,26,0,0.01999999999999602,0.5200000000000387,081,raw,n,Me,M,0,0,20.91,20.95,42.27,42.43,3402,8735,2960,,
27826,0,0,1.01,300.01,1084,0,0.00999999999999801,0.6000000000000227,082,raw,L,CO,L,0,0,21.75,21.82,36.78,37.26,5496,16931,5399,,
27745,0,0,1.77,300.01,1832,0,0.00999999999999801,0.5100000000000193,083,raw,H,Me,H,0,0,20.88,20.94,42.43,42.69,5007,16956,5782,,
15490,0,0,1.39,300.0,77,0,0.01999999999999602,0.5200000000000387,084,raw,L,CO,M,0,0,21.71,21.78,36.23,36.84,3566,9222,2702,,
28527,0,0,1.0,300.31,1895,0,0.00999999999999801,0.5100000000000193,085,raw,M,Me,H,0,0,20.84,20.91,42.52,42.79,5657,17057,5813,,
20946,0,0,1.21,300.0,833,0,0.010000000000005116,0.5200000000000031,086,raw,L,CO,M,0,0,22.38,22.44,38.06,38.47,4700,12849,3397,,
20955,0,0,1.95,300.0,571,0,0.010000000000019327,0.5200000000000102,087,raw,M,Me,H,0,0,21.85,21.93,44.81,45.01,2948,12709,5298,,
16000,0,0,2.43,300.0,33,0,0.01999999999999602,0.5300000000000011,088,raw,M,CO,L,0,0,21.67,21.73,36.05,36.43,2654,9396,3950,,
27889,0,0,1.02,300.01,1847,0,0.00999999999999801,0.5200000000000387,089,raw,H,Me,L,0,0,20.79,20.86,42.19,42.52,5543,16750,5596,,
20323,0,0,2.02,300.0,198,0,0.010000000000005116,0.6099999999999852,090,raw,n,CO,M,0,0,21.63,21.7,35.91,36.15,4688,12227,3408,,
17345,0,0,1.11,300.0,159,0,0.01999999999998181,0.5200000000000387,091,raw,n,Me,H,0,0,20.71,20.8,41.94,42.22,4145,10322,2878,,
15013,0,0,1.96,300.0,26,0,0.01999999999999602,0.5100000000000193,092,raw,M,CO,H,0,0,21.61,21.66,35.94,36.11,2767,9086,3160,,
15011,0,0,1.95,300.0,61,0,0.01999999999999602,0.5300000000000011,093,raw,M,Me,M,0,0,20.64,20.73,41.47,41.94,2960,8807,3244,,
14675,0,0,1.97,299.99,10,0,0.019999999999999574,0.5100000000000002,094,raw,H,CO,M,0,0,21.57,21.64,36.14,36.62,2815,8863,2997,,
28254,0,0,1.21,300.01,873,0,0.00999999999999801,0.5100000000000051,095,raw,M,Me,n,0,0,20.56,20.64,41.43,41.57,5349,17166,5739,,
17743,0,0,2.53,299.99,217,0,0.01999999999998181,0.5099999999999998,096,raw,n,CO,L,0,0,21.55,21.59,36.72,37.3,3621,11026,3096,,
16158,0,0,1.09,299.99,40,0,0.01999999999999602,0.5200000000000102,097,raw,H,Me,M,0,0,20.5,20.58,41.32,41.53,3934,9207,3017,,
15230,0,0,2.01,300.0,38,0,0.01999999999999602,0.9399999999999977,098,raw,H,CO,n,0,0,21.53,21.57,37.44,37.98,3198,9202,2830,,
14623,0,0,1.98,300.0,44,0,0.019999999999999574,0.5200000000000102,099,raw,L,Me,H,0,0,20.43,20.51,41.05,41.32,2901,8890,2832,,
17363,0,0,1.39,299.99,376,0,0.01999999999998181,0.5200000000000031,100,raw,H,CO,H,0,0,21.52,21.57,38.11,38.65,3813,10396,3154,,
14436,0,0,1.97,300.0,28,0,0.019999999999999574,0.5200000000000102,101,raw,H,Me,n,0,0,20.36,20.44,40.74,41.02,2783,8778,2875,,
22525,0,0,1.07,300.0,346,0,0.010000000000001563,0.5100000000000193,102,raw,L,CO,H,0,0,21.52,21.57,38.72,38.96,5159,13476,3890,,
14744,0,0,1.98,300.0,24,0,0.019999999999999574,0.5200000000000387,103,raw,L,Me,M,0,0,20.3,20.38,40.54,40.78,2878,8740,3126,,
25753,0,0,1.63,300.0,83,0,0.00999999999999801,0.7999999999999972,104,raw,M,CO,M,0,0,21.51,21.56,38.92,38.99,4859,15925,4969,,
18887,0,0,1.75,300.0,210,0,0.010000000000019327,0.5299999999999976,105,raw,L,Me,L,0,0,20.23,20.32,40.33,40.54,3631,11750,3506,,
14819,0,0,1.99,300.0,7,0,0.019999999999999574,0.5100000000000193,106,raw,H,CO,L,0,0,21.48,21.54,38.92,39.15,3033,8835,2951,,
20099,0,0,1.92,300.0,167,0,0.010000000000019327,0.6299999999999955,107,raw,M,Me,L,0,0,20.17,20.26,39.86,40.33,3137,12544,4418,,
14244,0,0,1.99,299.99,41,0,0.019999999999999574,0.5200000000000102,108,raw,M,CO,L,0,0,22.4,22.44,38.61,38.98,2828,8500,2916,,
28373,0,0,1.49,300.0,1869,0,0.00999999999999801,0.5099999999999909,109,raw,H,Me,L,0,0,21.81,21.89,44.94,45.07,5598,17317,5458,,
14361,0,0,2.03,299.99,35,0,0.019999999999999574,0.9899999999999807,110,raw,M,CO,n,0,0,21.46,21.51,39.19,39.76,2822,8558,2981,,
16237,0,0,1.69,300.0,88,0,0.01999999999999602,0.8999999999999986,111,raw,n,Me,L,0,0,20.1,20.19,39.72,39.92,3288,9201,3748,,
14619,0,0,1.93,299.99,32,0,0.019999999999999574,0.5200000000000102,112,raw,n,CO,H,0,0,21.45,21.5,39.92,40.4,2950,8788,2881,,
16169,0,0,1.85,299.99,62,0,0.01999999999999602,0.5200000000000387,113,raw,L,Me,n,0,0,20.04,20.13,39.41,39.72,3098,9595,3476,,
13952,0,0,2.5,300.0,17,0,0.019999999999999574,0.5200000000000031,114,raw,L,CO,n,0,0,21.43,21.49,40.5,41.03,2428,8599,2925,,
14937,0,0,1.93,299.99,44,0,0.019999999999999574,0.5300000000000011,115,raw,n,Me,M,0,0,20.01,20.07,39.37,39.58,3147,8855,2935,,
17101,0,0,2.0,300.0,32,0,0.01999999999999602,0.5300000000000296,116,raw,L,CO,L,0,0,21.4,21.47,41.13,41.59,2873,10145,4083,,
23252,0,0,1.02,300.01,598,0,0.010000000000005116,0.5300000000000296,117,raw,H,Me,H,0,0,20.06,20.12,39.44,39.78,5070,13942,4240,,
15560,0,0,1.92,299.83,24,0,0.01999999999999602,0.5200000000000387,118,raw,L,CO,M,0,0,21.39,21.44,41.66,42.05,3444,8977,3139,,
25829,0,0,1.23,300.01,1558,0,0.00999999999999801,0.5200000000000387,119,raw,M,Me,H,0,0,20.15,20.22,39.19,39.52,4886,15592,5351,,
19732,0,0,1.88,299.79,759,0,0.010000000000019327,0.5199999999999996,120,raw,M,CO,L,0,0,21.38,21.42,42.05,42.38,2843,11886,5003,,
19892,0,0,1.05,300.0,943,0,0.010000000000019327,0.5200000000000102,121,raw,H,Me,L,0,0,20.23,20.3,38.73,39.26,5070,11547,3275,,
17967,0,0,1.84,299.99,188,0,0.01999999999998181,0.5200000000000031,122,raw,n,CO,M,0,0,21.36,21.42,42.32,42.68,4200,10786,2981,,
24572,0,0,1.35,300.0,883,0,0.010000000000001563,0.5100000000000193,123,raw,n,Me,H,0,0,20.31,20.38,38.39,38.73,4314,15473,4785,,
25571,0,0,2.26,300.01,1648,0,0.00999999999999801,0.5200000000000102,124,raw,M,CO,H,0,0,21.36,21.4,42.71,42.94,3998,16013,5560,,
14712,0,0,1.99,300.0,40,0,0.019999999999999574,0.519999999999996,125,raw,M,Me,M,0,0,20.38,20.44,37.93,38.4,2902,8835,2975,,
27163,0,0,1.0,300.0,1815,0,0.00999999999999801,0.5100000000000193,126,raw,H,CO,M,0,0,21.33,21.38,42.77,42.91,5519,16336,5308,,
15816,0,0,1.91,300.0,42,0,0.01999999999999602,0.5400000000000063,127,raw,M,Me,n,0,0,20.43,20.48,37.6,38.14,2877,9645,3294,,
17195,0,0,1.74,300.01,48,0,0.01999999999999602,0.5200000000000102,128,raw,n,CO,L,0,0,21.3,21.36,42.64,42.81,2783,10127,4285,,
19943,0,0,1.91,300.01,656,0,0.010000000000019327,0.5200000000000102,129,raw,H,Me,M,0,0,20.48,20.54,37.3,37.84,3029,12383,4531,,
17769,0,0,1.8,300.0,486,0,0.01999999999998181,0.980000000000004,130,raw,n,CO,M,0,0,22.4,22.44,39.15,39.49,2890,10377,4502,,
15679,0,0,1.96,299.99,35,0,0.01999999999999602,0.5300000000000011,131,raw,n,Me,H,0,0,21.76,21.83,44.99,45.13,2969,9433,3277,,
19286,0,0,1.75,300.0,243,0,0.010000000000019327,0.5200000000000387,132,raw,H,CO,n,0,0,21.25,21.33,42.57,43.0,3692,11225,4369,,
18571,0,0,1.2,300.0,561,0,0.01999999999998181,0.5200000000000387,133,raw,L,Me,H,0,0,20.53,20.58,37.13,37.61,4396,11165,3010,,
24515,0,0,1.02,300.0,1418,0,0.010000000000000009,0.5200000000000102,134,raw,H,CO,H,0,0,21.23,21.28,43.16,43.72,5249,14755,4511,,
14655,0,0,1.97,300.01,30,0,0.019999999999999574,0.5199999999999818,135,raw,H,Me,n,0,0,20.59,20.64,36.66,37.41,2946,8783,2926,,
14352,0,0,1.45,300.01,101,0,0.01999999999999602,0.5200000000000102,136,raw,L,CO,H,0,0,21.21,21.25,43.59,44.18,2933,8512,2907,,
14285,0,0,2.1,299.99,27,0,0.019999999999999574,0.5200000000000102,137,raw,L,Me,M,0,0,20.62,20.68,36.4,36.94,2789,8511,2985,,
14462,0,0,2.03,299.99,15,0,0.019999999999999574,0.5300000000000011,138,raw,M,CO,M,0,0,21.2,21.24,44.15,44.47,2833,8686,2943,,
20708,0,0,1.45,300.0,193,0,0.010000000000019327,0.5100000000000193,139,raw,L,Me,L,0,0,20.67,20.72,36.64,36.94,3949,12458,4301,,
14823,0,0,1.98,300.0,17,0,0.019999999999999574,0.5300000000000011,140,raw,H,CO,L,0,0,21.18,21.24,44.34,44.5,2994,8883,2946,,
20329,0,0,1.4,299.98,141,0,0.010000000000019327,0.5199999999999818,141,raw,M,Me,L,0,0,20.72,20.77,36.34,36.95,4415,12432,3482,,
14292,0,0,1.94,300.0,23,0,0.019999999999999574,0.5300000000000011,142,raw,M,CO,n,0,0,21.16,21.22,44.2,44.34,2908,8572,2812,,
21344,0,0,1.95,300.01,712,0,0.010000000000019327,0.6200000000000045,143,raw,n,Me,L,0,0,20.74,20.79,35.76,36.41,2996,13417,4931,,
17027,0,0,1.67,300.01,379,0,0.01999999999999602,0.5300000000000011,144,raw,n,CO,H,0,0,21.13,21.2,44.27,44.66,3374,10156,3497,,
22080,0,0,1.51,299.99,1189,0,0.010000000000005116,0.5199999999999996,145,raw,L,Me,n,0,0,20.78,20.84,35.86,36.27,4688,13449,3943,,
22575,0,0,1.5,300.0,1192,0,0.010000000000005116,0.5200000000000102,146,raw,L,CO,n,0,0,21.09,21.15,44.69,45.05,4098,13564,4913,,
14712,0,0,2.12,299.99,4,0,0.019999999999999574,0.509999999999998,147,raw,n,Me,M,0,0,20.82,20.87,36.04,36.41,2856,8864,2992,,
27411,0,0,1.07,300.0,1680,0,0.00999999999999801,0.6599999999999682,148,raw,L,CO,L,0,0,21.08,21.13,44.91,45.01,5224,16983,5204,,
15007,0,0,1.93,300.06,19,0,0.01999999999999602,0.5900000000000034,149,raw,H,Me,H,0,0,20.86,20.9,36.07,36.52,3015,9127,2865,,
24591,0,0,1.0,300.01,1424,0,0.009999999999999787,0.8100000000000023,150,raw,L,CO,M,0,0,21.04,21.12,44.58,44.91,5042,15000,4549,,
15901,0,0,2.44,299.99,35,0,0.01999999999999602,0.5200000000000102,151,raw,M,Me,H,0,0,20.89,20.93,35.67,36.28,3187,9762,2952,,
26169,0,0,1.04,300.01,1683,0,0.009999999999999787,0.5200000000000387,152,raw,M,CO,H,0,0,22.4,22.45,39.62,39.96,5246,16123,4800,,
14870,0,0,1.98,300.0,40,0,0.019999999999999574,0.5200000000000102,153,raw,M,Me,M,0,0,21.71,21.8,44.92,45.0,2866,8815,3189,,
15060,0,0,2.18,300.0,14,0,0.01999999999999602,0.52,154,raw,M,CO,L,0,0,21.01,21.08,43.69,44.39,3461,8662,2937,,
18651,0,0,1.91,300.0,174,0,0.01999999999998181,0.5200000000000102,155,raw,H,Me,L,0,0,20.9,20.95,35.6,36.11,3129,11275,4247,,
13842,0,0,1.97,299.99,13,0,0.019999999999999574,0.5300000000000011,156,raw,n,CO,M,0,0,20.97,21.04,42.27,43.33,2754,8306,2782,,
24092,0,0,1.16,299.99,403,0,0.010000000000001563,0.5200000000000102,157,raw,n,Me,H,0,0,20.92,20.96,35.71,36.18,5409,14465,4218,,
16751,0,0,2.03,299.99,129,0,0.01999999999999602,0.980000000000004,158,raw,M,CO,H,0,0,20.92,21.0,41.34,42.14,2606,9690,4455,,
15366,0,0,1.94,300.0,53,0,0.01999999999999602,0.5399999999999991,159,raw,M,Me,M,0,0,20.94,20.98,35.88,36.29,2810,8643,3913,,
27148,0,0,1.1,300.0,1749,0,0.00999999999999801,0.5200000000000031,160,raw,H,CO,M,0,0,20.86,20.94,40.43,41.14,4404,16914,5830,,
19390,0,0,1.28,300.0,67,0,0.010000000000019327,0.519999999999996,161,raw,M,Me,n,0,0,20.98,21.02,35.95,36.36,4266,11460,3664,,
28414,0,0,1.0,300.01,1921,0,0.00999999999999801,0.5100000000000051,162,raw,n,CO,L,0,0,20.82,20.88,40.12,40.43,5582,17148,5684,,
15082,0,0,1.89,299.99,78,0,0.01999999999999602,0.5099999999999909,163,raw,H,Me,M,0,0,20.99,21.04,35.78,36.29,3171,9042,2869,,
19190,0,0,1.02,300.0,270,0,0.01999999999998181,0.5200000000000031,164,raw,H,CO,n,0,0,20.76,20.86,39.92,40.19,4529,11294,3367,,
14448,0,0,1.95,300.01,10,0,0.019999999999999574,0.5200000000000102,165,raw,L,Me,H,0,0,21.0,21.04,35.71,36.16,2899,8701,2848,,
19838,0,0,1.22,300.0,755,0,0.010000000000019327,0.5300000000000296,166,raw,H,CO,H,0,0,20.73,20.79,39.71,39.99,4699,11980,3159,,
14588,0,0,1.95,300.0,18,0,0.019999999999999574,0.5200000000000387,167,raw,H,Me,n,0,0,21.02,21.05,35.54,36.16,2837,8791,2960,,
14330,0,0,1.98,300.01,13,0,0.019999999999999574,0.5200000000000102,168,raw,L,CO,H,0,0,20.7,20.77,39.41,39.78,2896,8506,2928,,
16829,0,0,2.0,300.0,44,0,0.01999999999999602,0.6700000000000159,169,raw,L,Me,M,0,0,21.02,21.06,35.48,35.92,3604,9323,3902,,
14034,0,0,1.98,300.0,1,0,0.019999999999999574,0.519999999999996,170,raw,M,CO,M,0,0,20.67,20.74,39.04,39.58,2697,8466,2871,,
24729,0,0,1.0,300.0,1496,0,0.010000000000001563,0.5200000000000102,171,raw,L,Me,L,0,0,21.07,21.23,35.9,36.23,5467,15621,3641,,
14839,0,0,1.99,300.0,27,0,0.019999999999999574,0.5200000000000102,172,raw,H,CO,L,0,0,20.63,20.69,39.24,39.64,2840,8920,3079,,
18872,0,0,1.96,300.01,601,0,0.01999999999998181,0.5300000000000296,173,raw,M,Me,L,0,0,21.28,21.44,35.67,35.91,2937,11355,4580,,
15576,0,0,1.89,300.0,17,0,0.01999999999999602,0.5199999999999996,174,raw,H,CO,M,0,0,22.42,22.46,40.09,40.36,2878,9474,3224,,
17019,0,0,1.43,299.99,49,0,0.01999999999999602,0.5200000000000102,175,raw,M,Me,n,0,0,21.67,21.74,44.85,44.99,3848,9957,3214,,
14426,0,0,1.79,300.0,20,0,0.019999999999999574,0.7100000000000009,176,raw,M,CO,n,0,0,20.6,20.66,39.71,40.04,2677,8827,2922,,
28387,0,0,1.02,300.01,1884,0,0.00999999999999801,0.5999999999999943,177,raw,n,Me,L,0,0,21.51,21.68,35.6,35.83,5694,17029,5664,,
14422,0,0,1.93,300.0,40,0,0.019999999999999574,0.6199999999999974,178,raw,n,CO,L,0,0,22.42,22.46,40.43,40.63,2769,8701,2952,,
27982,0,0,1.2,300.01,1691,0,0.00999999999999801,0.5100000000000051,179,raw,H,Me,M,0,0,21.64,21.69,44.81,44.92,5109,17155,5718,,
