day,segment,co_level_offline_ppm,position_split,day_split,split
20160930_203718,0,20.0,train,train,train
20160930_203718,1,15.56,train,train,train
20160930_203718,2,20.0,test,train,excluded_cross_cell
20160930_203718,3,4.44,train,train,train
20160930_203718,4,15.56,test,train,excluded_cross_cell
20160930_203718,5,6.67,train,train,train
20160930_203718,6,2.22,train,train,train
20160930_203718,7,11.11,train,train,train
20160930_203718,8,2.22,train,train,train
20160930_203718,9,13.33,validation,train,excluded_cross_cell
20160930_203718,10,4.44,train,train,train
20160930_203718,11,6.67,test,train,excluded_cross_cell
20160930_203718,12,0.0,validation,train,excluded_cross_cell
20160930_203718,13,15.56,train,train,train
20160930_203718,14,8.89,train,train,train
20160930_203718,15,15.56,train,train,train
20160930_203718,16,13.33,train,train,train
20160930_203718,17,15.56,train,train,train
20160930_203718,18,8.89,validation,train,excluded_cross_cell
20160930_203718,19,11.11,train,train,train
20160930_203718,20,0.0,train,train,train
20160930_203718,21,15.56,validation,train,excluded_cross_cell
20160930_203718,22,17.78,train,train,train
20160930_203718,23,11.11,train,train,train
20160930_203718,24,0.0,train,train,train
20160930_203718,25,11.11,validation,train,excluded_cross_cell
20160930_203718,26,13.33,train,train,train
20160930_203718,27,15.56,train,train,train
20160930_203718,28,17.78,train,train,train
20160930_203718,29,2.22,validation,train,excluded_cross_cell
20160930_203718,30,2.22,train,train,train
20160930_203718,31,8.89,test,train,excluded_cross_cell
20160930_203718,32,8.89,test,train,excluded_cross_cell
20160930_203718,33,0.0,train,train,train
20160930_203718,34,17.78,train,train,train
20160930_203718,35,4.44,train,train,train
20160930_203718,36,11.11,train,train,train
20160930_203718,37,11.11,train,train,train
20160930_203718,38,17.78,test,train,excluded_cross_cell
20160930_203718,39,4.44,validation,train,excluded_cross_cell
20160930_203718,40,13.33,test,train,excluded_cross_cell
20160930_203718,41,17.78,train,train,train
20160930_203718,42,11.11,test,train,excluded_cross_cell
20160930_203718,43,2.22,validation,train,excluded_cross_cell
20160930_203718,44,13.33,validation,train,excluded_cross_cell
20160930_203718,45,2.22,train,train,train
20160930_203718,46,15.56,test,train,excluded_cross_cell
20160930_203718,47,11.11,test,train,excluded_cross_cell
20160930_203718,48,20.0,train,train,train
20160930_203718,49,20.0,train,train,train
20160930_203718,50,2.22,test,train,excluded_cross_cell
20160930_203718,51,20.0,validation,train,excluded_cross_cell
20160930_203718,52,6.67,train,train,train
20160930_203718,53,17.78,validation,train,excluded_cross_cell
20160930_203718,54,17.78,test,train,excluded_cross_cell
20160930_203718,55,0.0,train,train,train
20160930_203718,56,13.33,test,train,excluded_cross_cell
20160930_203718,57,6.67,test,train,excluded_cross_cell
20160930_203718,58,20.0,train,train,train
20160930_203718,59,0.0,train,train,train
20160930_203718,60,8.89,train,train,train
20160930_203718,61,4.44,train,train,train
20160930_203718,62,13.33,train,train,train
20160930_203718,63,2.22,train,train,train
20160930_203718,64,20.0,validation,train,excluded_cross_cell
20160930_203718,65,6.67,train,train,train
20160930_203718,66,15.56,validation,train,excluded_cross_cell
20160930_203718,67,4.44,validation,train,excluded_cross_cell
20160930_203718,68,0.0,train,train,train
20160930_203718,69,8.89,train,train,train
20160930_203718,70,6.67,train,train,train
20160930_203718,71,6.67,validation,train,excluded_cross_cell
20160930_203718,72,4.44,test,train,excluded_cross_cell
20160930_203718,73,8.89,train,train,train
20160930_203718,74,0.0,test,train,excluded_cross_cell
20160930_203718,75,4.44,train,train,train
20160930_203718,76,8.89,train,train,train
20160930_203718,77,11.11,validation,train,excluded_cross_cell
20160930_203718,78,6.67,train,train,train
20160930_203718,79,4.44,train,train,train
20160930_203718,80,11.11,train,train,train
20160930_203718,81,6.67,train,train,train
20160930_203718,82,8.89,train,train,train
20160930_203718,83,13.33,train,train,train
20160930_203718,84,13.33,train,train,train
20160930_203718,85,15.56,train,train,train
20160930_203718,86,8.89,validation,train,excluded_cross_cell
20160930_203718,87,6.67,validation,train,excluded_cross_cell
20160930_203718,88,2.22,test,train,excluded_cross_cell
20160930_203718,89,0.0,test,train,excluded_cross_cell
20160930_203718,90,4.44,test,train,excluded_cross_cell
20160930_203718,91,0.0,validation,train,excluded_cross_cell
20160930_203718,92,20.0,train,train,train
20160930_203718,93,20.0,train,train,train
20160930_203718,94,20.0,test,train,excluded_cross_cell
20160930_203718,95,17.78,train,train,train
20160930_203718,96,17.78,train,train,train
20160930_203718,97,13.33,train,train,train
20160930_203718,98,17.78,validation,train,excluded_cross_cell
20160930_203718,99,2.22,train,train,train
20161001_231809,0,20.0,train,train,train
20161001_231809,1,15.56,train,train,train
20161001_231809,2,20.0,test,train,excluded_cross_cell
20161001_231809,3,4.44,train,train,train
20161001_231809,4,15.56,test,train,excluded_cross_cell
20161001_231809,5,6.67,train,train,train
20161001_231809,6,2.22,train,train,train
20161001_231809,7,11.11,train,train,train
20161001_231809,8,2.22,train,train,train
20161001_231809,9,13.33,validation,train,excluded_cross_cell
20161001_231809,10,4.44,train,train,train
20161001_231809,11,6.67,test,train,excluded_cross_cell
20161001_231809,12,0.0,validation,train,excluded_cross_cell
20161001_231809,13,15.56,train,train,train
20161001_231809,14,8.89,train,train,train
20161001_231809,15,15.56,train,train,train
20161001_231809,16,13.33,train,train,train
20161001_231809,17,15.56,train,train,train
20161001_231809,18,8.89,validation,train,excluded_cross_cell
20161001_231809,19,11.11,train,train,train
20161001_231809,20,0.0,train,train,train
20161001_231809,21,15.56,validation,train,excluded_cross_cell
20161001_231809,22,17.78,train,train,train
20161001_231809,23,11.11,train,train,train
20161001_231809,24,0.0,train,train,train
20161001_231809,25,11.11,validation,train,excluded_cross_cell
20161001_231809,26,13.33,train,train,train
20161001_231809,27,15.56,train,train,train
20161001_231809,28,17.78,train,train,train
20161001_231809,29,2.22,validation,train,excluded_cross_cell
20161001_231809,30,2.22,train,train,train
20161001_231809,31,8.89,test,train,excluded_cross_cell
20161001_231809,32,8.89,test,train,excluded_cross_cell
20161001_231809,33,0.0,train,train,train
20161001_231809,34,17.78,train,train,train
20161001_231809,35,4.44,train,train,train
20161001_231809,36,11.11,train,train,train
20161001_231809,37,11.11,train,train,train
20161001_231809,38,17.78,test,train,excluded_cross_cell
20161001_231809,39,4.44,validation,train,excluded_cross_cell
20161001_231809,40,13.33,test,train,excluded_cross_cell
20161001_231809,41,17.78,train,train,train
20161001_231809,42,11.11,test,train,excluded_cross_cell
20161001_231809,43,2.22,validation,train,excluded_cross_cell
20161001_231809,44,13.33,validation,train,excluded_cross_cell
20161001_231809,45,2.22,train,train,train
20161001_231809,46,15.56,test,train,excluded_cross_cell
20161001_231809,47,11.11,test,train,excluded_cross_cell
20161001_231809,48,20.0,train,train,train
20161001_231809,49,20.0,train,train,train
20161001_231809,50,2.22,test,train,excluded_cross_cell
20161001_231809,51,20.0,validation,train,excluded_cross_cell
20161001_231809,52,6.67,train,train,train
20161001_231809,53,17.78,validation,train,excluded_cross_cell
20161001_231809,54,17.78,test,train,excluded_cross_cell
20161001_231809,55,0.0,train,train,train
20161001_231809,56,13.33,test,train,excluded_cross_cell
20161001_231809,57,6.67,test,train,excluded_cross_cell
20161001_231809,58,20.0,train,train,train
20161001_231809,59,0.0,train,train,train
20161001_231809,60,8.89,train,train,train
20161001_231809,61,4.44,train,train,train
20161001_231809,62,13.33,train,train,train
20161001_231809,63,2.22,train,train,train
20161001_231809,64,20.0,validation,train,excluded_cross_cell
20161001_231809,65,6.67,train,train,train
20161001_231809,66,15.56,validation,train,excluded_cross_cell
20161001_231809,67,4.44,validation,train,excluded_cross_cell
20161001_231809,68,0.0,train,train,train
20161001_231809,69,8.89,train,train,train
20161001_231809,70,6.67,train,train,train
20161001_231809,71,6.67,validation,train,excluded_cross_cell
20161001_231809,72,4.44,test,train,excluded_cross_cell
20161001_231809,73,8.89,train,train,train
20161001_231809,74,0.0,test,train,excluded_cross_cell
20161001_231809,75,4.44,train,train,train
20161001_231809,76,8.89,train,train,train
20161001_231809,77,11.11,validation,train,excluded_cross_cell
20161001_231809,78,6.67,train,train,train
20161001_231809,79,4.44,train,train,train
20161001_231809,80,11.11,train,train,train
20161001_231809,81,6.67,train,train,train
20161001_231809,82,8.89,train,train,train
20161001_231809,83,13.33,train,train,train
20161001_231809,84,13.33,train,train,train
20161001_231809,85,15.56,train,train,train
20161001_231809,86,8.89,validation,train,excluded_cross_cell
20161001_231809,87,6.67,validation,train,excluded_cross_cell
20161001_231809,88,2.22,test,train,excluded_cross_cell
20161001_231809,89,0.0,test,train,excluded_cross_cell
20161001_231809,90,4.44,test,train,excluded_cross_cell
20161001_231809,91,0.0,validation,train,excluded_cross_cell
20161001_231809,92,20.0,train,train,train
20161001_231809,93,20.0,train,train,train
20161001_231809,94,20.0,test,train,excluded_cross_cell
20161001_231809,95,17.78,train,train,train
20161001_231809,96,17.78,train,train,train
20161001_231809,97,13.33,train,train,train
20161001_231809,98,17.78,validation,train,excluded_cross_cell
20161001_231809,99,2.22,train,train,train
20161003_085624,0,20.0,train,train,train
20161003_085624,1,15.56,train,train,train
20161003_085624,2,20.0,test,train,excluded_cross_cell
20161003_085624,3,4.44,train,train,train
20161003_085624,4,15.56,test,train,excluded_cross_cell
20161003_085624,5,6.67,train,train,train
20161003_085624,6,2.22,train,train,train
20161003_085624,7,11.11,train,train,train
20161003_085624,8,2.22,train,train,train
20161003_085624,9,13.33,validation,train,excluded_cross_cell
20161003_085624,10,4.44,train,train,train
20161003_085624,11,6.67,test,train,excluded_cross_cell
20161003_085624,12,0.0,validation,train,excluded_cross_cell
20161003_085624,13,15.56,train,train,train
20161003_085624,14,8.89,train,train,train
20161003_085624,15,15.56,train,train,train
20161003_085624,16,13.33,train,train,train
20161003_085624,17,15.56,train,train,train
20161003_085624,18,8.89,validation,train,excluded_cross_cell
20161003_085624,19,11.11,train,train,train
20161003_085624,20,0.0,train,train,train
20161003_085624,21,15.56,validation,train,excluded_cross_cell
20161003_085624,22,17.78,train,train,train
20161003_085624,23,11.11,train,train,train
20161003_085624,24,0.0,train,train,train
20161003_085624,25,11.11,validation,train,excluded_cross_cell
20161003_085624,26,13.33,train,train,train
20161003_085624,27,15.56,train,train,train
20161003_085624,28,17.78,train,train,train
20161003_085624,29,2.22,validation,train,excluded_cross_cell
20161003_085624,30,2.22,train,train,train
20161003_085624,31,8.89,test,train,excluded_cross_cell
20161003_085624,32,8.89,test,train,excluded_cross_cell
20161003_085624,33,0.0,train,train,train
20161003_085624,34,17.78,train,train,train
20161003_085624,35,4.44,train,train,train
20161003_085624,36,11.11,train,train,train
20161003_085624,37,11.11,train,train,train
20161003_085624,38,17.78,test,train,excluded_cross_cell
20161003_085624,39,4.44,validation,train,excluded_cross_cell
20161003_085624,40,13.33,test,train,excluded_cross_cell
20161003_085624,41,17.78,train,train,train
20161003_085624,42,11.11,test,train,excluded_cross_cell
20161003_085624,43,2.22,validation,train,excluded_cross_cell
20161003_085624,44,13.33,validation,train,excluded_cross_cell
20161003_085624,45,2.22,train,train,train
20161003_085624,46,15.56,test,train,excluded_cross_cell
20161003_085624,47,11.11,test,train,excluded_cross_cell
20161003_085624,48,20.0,train,train,train
20161003_085624,49,20.0,train,train,train
20161003_085624,50,2.22,test,train,excluded_cross_cell
20161003_085624,51,20.0,validation,train,excluded_cross_cell
20161003_085624,52,6.67,train,train,train
20161003_085624,53,17.78,validation,train,excluded_cross_cell
20161003_085624,54,17.78,test,train,excluded_cross_cell
20161003_085624,55,0.0,train,train,train
20161003_085624,56,13.33,test,train,excluded_cross_cell
20161003_085624,57,6.67,test,train,excluded_cross_cell
20161003_085624,58,20.0,train,train,train
20161003_085624,59,0.0,train,train,train
20161003_085624,60,8.89,train,train,train
20161003_085624,61,4.44,train,train,train
20161003_085624,62,13.33,train,train,train
20161003_085624,63,2.22,train,train,train
20161003_085624,64,20.0,validation,train,excluded_cross_cell
20161003_085624,65,6.67,train,train,train
20161003_085624,66,15.56,validation,train,excluded_cross_cell
20161003_085624,67,4.44,validation,train,excluded_cross_cell
20161003_085624,68,0.0,train,train,train
20161003_085624,69,8.89,train,train,train
20161003_085624,70,6.67,train,train,train
20161003_085624,71,6.67,validation,train,excluded_cross_cell
20161003_085624,72,4.44,test,train,excluded_cross_cell
20161003_085624,73,8.89,train,train,train
20161003_085624,74,0.0,test,train,excluded_cross_cell
20161003_085624,75,4.44,train,train,train
20161003_085624,76,8.89,train,train,train
20161003_085624,77,11.11,validation,train,excluded_cross_cell
20161003_085624,78,6.67,train,train,train
20161003_085624,79,4.44,train,train,train
20161003_085624,80,11.11,train,train,train
20161003_085624,81,6.67,train,train,train
20161003_085624,82,8.89,train,train,train
20161003_085624,83,13.33,train,train,train
20161003_085624,84,13.33,train,train,train
20161003_085624,85,15.56,train,train,train
20161003_085624,86,8.89,validation,train,excluded_cross_cell
20161003_085624,87,6.67,validation,train,excluded_cross_cell
20161003_085624,88,2.22,test,train,excluded_cross_cell
20161003_085624,89,0.0,test,train,excluded_cross_cell
20161003_085624,90,4.44,test,train,excluded_cross_cell
20161003_085624,91,0.0,validation,train,excluded_cross_cell
20161003_085624,92,20.0,train,train,train
20161003_085624,93,20.0,train,train,train
20161003_085624,94,20.0,test,train,excluded_cross_cell
20161003_085624,95,17.78,train,train,train
20161003_085624,96,17.78,train,train,train
20161003_085624,97,13.33,train,train,train
20161003_085624,98,17.78,validation,train,excluded_cross_cell
20161003_085624,99,2.22,train,train,train
20161004_104124,0,20.0,train,train,train
20161004_104124,1,15.56,train,train,train
20161004_104124,2,20.0,test,train,excluded_cross_cell
20161004_104124,3,4.44,train,train,train
20161004_104124,4,15.56,test,train,excluded_cross_cell
20161004_104124,5,6.67,train,train,train
20161004_104124,6,2.22,train,train,train
20161004_104124,7,11.11,train,train,train
20161004_104124,8,2.22,train,train,train
20161004_104124,9,13.33,validation,train,excluded_cross_cell
20161004_104124,10,4.44,train,train,train
20161004_104124,11,6.67,test,train,excluded_cross_cell
20161004_104124,12,0.0,validation,train,excluded_cross_cell
20161004_104124,13,15.56,train,train,train
20161004_104124,14,8.89,train,train,train
20161004_104124,15,15.56,train,train,train
20161004_104124,16,13.33,train,train,train
20161004_104124,17,15.56,train,train,train
20161004_104124,18,8.89,validation,train,excluded_cross_cell
20161004_104124,19,11.11,train,train,train
20161004_104124,20,0.0,train,train,train
20161004_104124,21,15.56,validation,train,excluded_cross_cell
20161004_104124,22,17.78,train,train,train
20161004_104124,23,11.11,train,train,train
20161004_104124,24,0.0,train,train,train
20161004_104124,25,11.11,validation,train,excluded_cross_cell
20161004_104124,26,13.33,train,train,train
20161004_104124,27,15.56,train,train,train
20161004_104124,28,17.78,train,train,train
20161004_104124,29,2.22,validation,train,excluded_cross_cell
20161004_104124,30,2.22,train,train,train
20161004_104124,31,8.89,test,train,excluded_cross_cell
20161004_104124,32,8.89,test,train,excluded_cross_cell
20161004_104124,33,0.0,train,train,train
20161004_104124,34,17.78,train,train,train
20161004_104124,35,4.44,train,train,train
20161004_104124,36,11.11,train,train,train
20161004_104124,37,11.11,train,train,train
20161004_104124,38,17.78,test,train,excluded_cross_cell
20161004_104124,39,4.44,validation,train,excluded_cross_cell
20161004_104124,40,13.33,test,train,excluded_cross_cell
20161004_104124,41,17.78,train,train,train
20161004_104124,42,11.11,test,train,excluded_cross_cell
20161004_104124,43,2.22,validation,train,excluded_cross_cell
20161004_104124,44,13.33,validation,train,excluded_cross_cell
20161004_104124,45,2.22,train,train,train
20161004_104124,46,15.56,test,train,excluded_cross_cell
20161004_104124,47,11.11,test,train,excluded_cross_cell
20161004_104124,48,20.0,train,train,train
20161004_104124,49,20.0,train,train,train
20161004_104124,50,2.22,test,train,excluded_cross_cell
20161004_104124,51,20.0,validation,train,excluded_cross_cell
20161004_104124,52,6.67,train,train,train
20161004_104124,53,17.78,validation,train,excluded_cross_cell
20161004_104124,54,17.78,test,train,excluded_cross_cell
20161004_104124,55,0.0,train,train,train
20161004_104124,56,13.33,test,train,excluded_cross_cell
20161004_104124,57,6.67,test,train,excluded_cross_cell
20161004_104124,58,20.0,train,train,train
20161004_104124,59,0.0,train,train,train
20161004_104124,60,8.89,train,train,train
20161004_104124,61,4.44,train,train,train
20161004_104124,62,13.33,train,train,train
20161004_104124,63,2.22,train,train,train
20161004_104124,64,20.0,validation,train,excluded_cross_cell
20161004_104124,65,6.67,train,train,train
20161004_104124,66,15.56,validation,train,excluded_cross_cell
20161004_104124,67,4.44,validation,train,excluded_cross_cell
20161004_104124,68,0.0,train,train,train
20161004_104124,69,8.89,train,train,train
20161004_104124,70,6.67,train,train,train
20161004_104124,71,6.67,validation,train,excluded_cross_cell
20161004_104124,72,4.44,test,train,excluded_cross_cell
20161004_104124,73,8.89,train,train,train
20161004_104124,74,0.0,test,train,excluded_cross_cell
20161004_104124,75,4.44,train,train,train
20161004_104124,76,8.89,train,train,train
20161004_104124,77,11.11,validation,train,excluded_cross_cell
20161004_104124,78,6.67,train,train,train
20161004_104124,79,4.44,train,train,train
20161004_104124,80,11.11,train,train,train
20161004_104124,81,6.67,train,train,train
20161004_104124,82,8.89,train,train,train
20161004_104124,83,13.33,train,train,train
20161004_104124,84,13.33,train,train,train
20161004_104124,85,15.56,train,train,train
20161004_104124,86,8.89,validation,train,excluded_cross_cell
20161004_104124,87,6.67,validation,train,excluded_cross_cell
20161004_104124,88,2.22,test,train,excluded_cross_cell
20161004_104124,89,0.0,test,train,excluded_cross_cell
20161004_104124,90,4.44,test,train,excluded_cross_cell
20161004_104124,91,0.0,validation,train,excluded_cross_cell
20161004_104124,92,20.0,train,train,train
20161004_104124,93,20.0,train,train,train
20161004_104124,94,20.0,test,train,excluded_cross_cell
20161004_104124,95,17.78,train,train,train
20161004_104124,96,17.78,train,train,train
20161004_104124,97,13.33,train,train,train
20161004_104124,98,17.78,validation,train,excluded_cross_cell
20161004_104124,99,2.22,train,train,train
20161005_140846,0,20.0,train,train,train
20161005_140846,1,15.56,train,train,train
20161005_140846,2,20.0,test,train,excluded_cross_cell
20161005_140846,3,4.44,train,train,train
20161005_140846,4,15.56,test,train,excluded_cross_cell
20161005_140846,5,6.67,train,train,train
20161005_140846,6,2.22,train,train,train
20161005_140846,7,11.11,train,train,train
20161005_140846,8,2.22,train,train,train
20161005_140846,9,13.33,validation,train,excluded_cross_cell
20161005_140846,10,4.44,train,train,train
20161005_140846,11,6.67,test,train,excluded_cross_cell
20161005_140846,12,0.0,validation,train,excluded_cross_cell
20161005_140846,13,15.56,train,train,train
20161005_140846,14,8.89,train,train,train
20161005_140846,15,15.56,train,train,train
20161005_140846,16,13.33,train,train,train
20161005_140846,17,15.56,train,train,train
20161005_140846,18,8.89,validation,train,excluded_cross_cell
20161005_140846,19,11.11,train,train,train
20161005_140846,20,0.0,train,train,train
20161005_140846,21,15.56,validation,train,excluded_cross_cell
20161005_140846,22,17.78,train,train,train
20161005_140846,23,11.11,train,train,train
20161005_140846,24,0.0,train,train,train
20161005_140846,25,11.11,validation,train,excluded_cross_cell
20161005_140846,26,13.33,train,train,train
20161005_140846,27,15.56,train,train,train
20161005_140846,28,17.78,train,train,train
20161005_140846,29,2.22,validation,train,excluded_cross_cell
20161005_140846,30,2.22,train,train,train
20161005_140846,31,8.89,test,train,excluded_cross_cell
20161005_140846,32,8.89,test,train,excluded_cross_cell
20161005_140846,33,0.0,train,train,train
20161005_140846,34,17.78,train,train,train
20161005_140846,35,4.44,train,train,train
20161005_140846,36,11.11,train,train,train
20161005_140846,37,11.11,train,train,train
20161005_140846,38,17.78,test,train,excluded_cross_cell
20161005_140846,39,4.44,validation,train,excluded_cross_cell
20161005_140846,40,13.33,test,train,excluded_cross_cell
20161005_140846,41,17.78,train,train,train
20161005_140846,42,11.11,test,train,excluded_cross_cell
20161005_140846,43,2.22,validation,train,excluded_cross_cell
20161005_140846,44,13.33,validation,train,excluded_cross_cell
20161005_140846,45,2.22,train,train,train
20161005_140846,46,15.56,test,train,excluded_cross_cell
20161005_140846,47,11.11,test,train,excluded_cross_cell
20161005_140846,48,20.0,train,train,train
20161005_140846,49,20.0,train,train,train
20161005_140846,50,2.22,test,train,excluded_cross_cell
20161005_140846,51,20.0,validation,train,excluded_cross_cell
20161005_140846,52,6.67,train,train,train
20161005_140846,53,17.78,validation,train,excluded_cross_cell
20161005_140846,54,17.78,test,train,excluded_cross_cell
20161005_140846,55,0.0,train,train,train
20161005_140846,56,13.33,test,train,excluded_cross_cell
20161005_140846,57,6.67,test,train,excluded_cross_cell
20161005_140846,58,20.0,train,train,train
20161005_140846,59,0.0,train,train,train
20161005_140846,60,8.89,train,train,train
20161005_140846,61,4.44,train,train,train
20161005_140846,62,13.33,train,train,train
20161005_140846,63,2.22,train,train,train
20161005_140846,64,20.0,validation,train,excluded_cross_cell
20161005_140846,65,6.67,train,train,train
20161005_140846,66,15.56,validation,train,excluded_cross_cell
20161005_140846,67,4.44,validation,train,excluded_cross_cell
20161005_140846,68,0.0,train,train,train
20161005_140846,69,8.89,train,train,train
20161005_140846,70,6.67,train,train,train
20161005_140846,71,6.67,validation,train,excluded_cross_cell
20161005_140846,72,4.44,test,train,excluded_cross_cell
20161005_140846,73,8.89,train,train,train
20161005_140846,74,0.0,test,train,excluded_cross_cell
20161005_140846,75,4.44,train,train,train
20161005_140846,76,8.89,train,train,train
20161005_140846,77,11.11,validation,train,excluded_cross_cell
20161005_140846,78,6.67,train,train,train
20161005_140846,79,4.44,train,train,train
20161005_140846,80,11.11,train,train,train
20161005_140846,81,6.67,train,train,train
20161005_140846,82,8.89,train,train,train
20161005_140846,83,13.33,train,train,train
20161005_140846,84,13.33,train,train,train
20161005_140846,85,15.56,train,train,train
20161005_140846,86,8.89,validation,train,excluded_cross_cell
20161005_140846,87,6.67,validation,train,excluded_cross_cell
20161005_140846,88,2.22,test,train,excluded_cross_cell
20161005_140846,89,0.0,test,train,excluded_cross_cell
20161005_140846,90,4.44,test,train,excluded_cross_cell
20161005_140846,91,0.0,validation,train,excluded_cross_cell
20161005_140846,92,20.0,train,train,train
20161005_140846,93,20.0,train,train,train
20161005_140846,94,20.0,test,train,excluded_cross_cell
20161005_140846,95,17.78,train,train,train
20161005_140846,96,17.78,train,train,train
20161005_140846,97,13.33,train,train,train
20161005_140846,98,17.78,validation,train,excluded_cross_cell
20161005_140846,99,2.22,train,train,train
20161006_182224,0,20.0,train,train,train
20161006_182224,1,15.56,train,train,train
20161006_182224,2,20.0,test,train,excluded_cross_cell
20161006_182224,3,4.44,train,train,train
20161006_182224,4,15.56,test,train,excluded_cross_cell
20161006_182224,5,6.67,train,train,train
20161006_182224,6,2.22,train,train,train
20161006_182224,7,11.11,train,train,train
20161006_182224,8,2.22,train,train,train
20161006_182224,9,13.33,validation,train,excluded_cross_cell
20161006_182224,10,4.44,train,train,train
20161006_182224,11,6.67,test,train,excluded_cross_cell
20161006_182224,12,0.0,validation,train,excluded_cross_cell
20161006_182224,13,15.56,train,train,train
20161006_182224,14,8.89,train,train,train
20161006_182224,15,15.56,train,train,train
20161006_182224,16,13.33,train,train,train
20161006_182224,17,15.56,train,train,train
20161006_182224,18,8.89,validation,train,excluded_cross_cell
20161006_182224,19,11.11,train,train,train
20161006_182224,20,0.0,train,train,train
20161006_182224,21,15.56,validation,train,excluded_cross_cell
20161006_182224,22,17.78,train,train,train
20161006_182224,23,11.11,train,train,train
20161006_182224,24,0.0,train,train,train
20161006_182224,25,11.11,validation,train,excluded_cross_cell
20161006_182224,26,13.33,train,train,train
20161006_182224,27,15.56,train,train,train
20161006_182224,28,17.78,train,train,train
20161006_182224,29,2.22,validation,train,excluded_cross_cell
20161006_182224,30,2.22,train,train,train
20161006_182224,31,8.89,test,train,excluded_cross_cell
20161006_182224,32,8.89,test,train,excluded_cross_cell
20161006_182224,33,0.0,train,train,train
20161006_182224,34,17.78,train,train,train
20161006_182224,35,4.44,train,train,train
20161006_182224,36,11.11,train,train,train
20161006_182224,37,11.11,train,train,train
20161006_182224,38,17.78,test,train,excluded_cross_cell
20161006_182224,39,4.44,validation,train,excluded_cross_cell
20161006_182224,40,13.33,test,train,excluded_cross_cell
20161006_182224,41,17.78,train,train,train
20161006_182224,42,11.11,test,train,excluded_cross_cell
20161006_182224,43,2.22,validation,train,excluded_cross_cell
20161006_182224,44,13.33,validation,train,excluded_cross_cell
20161006_182224,45,2.22,train,train,train
20161006_182224,46,15.56,test,train,excluded_cross_cell
20161006_182224,47,11.11,test,train,excluded_cross_cell
20161006_182224,48,20.0,train,train,train
20161006_182224,49,20.0,train,train,train
20161006_182224,50,2.22,test,train,excluded_cross_cell
20161006_182224,51,20.0,validation,train,excluded_cross_cell
20161006_182224,52,6.67,train,train,train
20161006_182224,53,17.78,validation,train,excluded_cross_cell
20161006_182224,54,17.78,test,train,excluded_cross_cell
20161006_182224,55,0.0,train,train,train
20161006_182224,56,13.33,test,train,excluded_cross_cell
20161006_182224,57,6.67,test,train,excluded_cross_cell
20161006_182224,58,20.0,train,train,train
20161006_182224,59,0.0,train,train,train
20161006_182224,60,8.89,train,train,train
20161006_182224,61,4.44,train,train,train
20161006_182224,62,13.33,train,train,train
20161006_182224,63,2.22,train,train,train
20161006_182224,64,20.0,validation,train,excluded_cross_cell
20161006_182224,65,6.67,train,train,train
20161006_182224,66,15.56,validation,train,excluded_cross_cell
20161006_182224,67,4.44,validation,train,excluded_cross_cell
20161006_182224,68,0.0,train,train,train
20161006_182224,69,8.89,train,train,train
20161006_182224,70,6.67,train,train,train
20161006_182224,71,6.67,validation,train,excluded_cross_cell
20161006_182224,72,4.44,test,train,excluded_cross_cell
20161006_182224,73,8.89,train,train,train
20161006_182224,74,0.0,test,train,excluded_cross_cell
20161006_182224,75,4.44,train,train,train
20161006_182224,76,8.89,train,train,train
20161006_182224,77,11.11,validation,train,excluded_cross_cell
20161006_182224,78,6.67,train,train,train
20161006_182224,79,4.44,train,train,train
20161006_182224,80,11.11,train,train,train
20161006_182224,81,6.67,train,train,train
20161006_182224,82,8.89,train,train,train
20161006_182224,83,13.33,train,train,train
20161006_182224,84,13.33,train,train,train
20161006_182224,85,15.56,train,train,train
20161006_182224,86,8.89,validation,train,excluded_cross_cell
20161006_182224,87,6.67,validation,train,excluded_cross_cell
20161006_182224,88,2.22,test,train,excluded_cross_cell
20161006_182224,89,0.0,test,train,excluded_cross_cell
20161006_182224,90,4.44,test,train,excluded_cross_cell
20161006_182224,91,0.0,validation,train,excluded_cross_cell
20161006_182224,92,20.0,train,train,train
20161006_182224,93,20.0,train,train,train
20161006_182224,94,20.0,test,train,excluded_cross_cell
20161006_182224,95,17.78,train,train,train
20161006_182224,96,17.78,train,train,train
20161006_182224,97,13.33,train,train,train
20161006_182224,98,17.78,validation,train,excluded_cross_cell
20161006_182224,99,2.22,train,train,train
20161007_210049,0,20.0,train,train,train
20161007_210049,1,15.56,train,train,train
20161007_210049,2,20.0,test,train,excluded_cross_cell
20161007_210049,3,4.44,train,train,train
20161007_210049,4,15.56,test,train,excluded_cross_cell
20161007_210049,5,6.67,train,train,train
20161007_210049,6,2.22,train,train,train
20161007_210049,7,11.11,train,train,train
20161007_210049,8,2.22,train,train,train
20161007_210049,9,13.33,validation,train,excluded_cross_cell
20161007_210049,10,4.44,train,train,train
20161007_210049,11,6.67,test,train,excluded_cross_cell
20161007_210049,12,0.0,validation,train,excluded_cross_cell
20161007_210049,13,15.56,train,train,train
20161007_210049,14,8.89,train,train,train
20161007_210049,15,15.56,train,train,train
20161007_210049,16,13.33,train,train,train
20161007_210049,17,15.56,train,train,train
20161007_210049,18,8.89,validation,train,excluded_cross_cell
20161007_210049,19,11.11,train,train,train
20161007_210049,20,0.0,train,train,train
20161007_210049,21,15.56,validation,train,excluded_cross_cell
20161007_210049,22,17.78,train,train,train
20161007_210049,23,11.11,train,train,train
20161007_210049,24,0.0,train,train,train
20161007_210049,25,11.11,validation,train,excluded_cross_cell
20161007_210049,26,13.33,train,train,train
20161007_210049,27,15.56,train,train,train
20161007_210049,28,17.78,train,train,train
20161007_210049,29,2.22,validation,train,excluded_cross_cell
20161007_210049,30,2.22,train,train,train
20161007_210049,31,8.89,test,train,excluded_cross_cell
20161007_210049,32,8.89,test,train,excluded_cross_cell
20161007_210049,33,0.0,train,train,train
20161007_210049,34,17.78,train,train,train
20161007_210049,35,4.44,train,train,train
20161007_210049,36,11.11,train,train,train
20161007_210049,37,11.11,train,train,train
20161007_210049,38,17.78,test,train,excluded_cross_cell
20161007_210049,39,4.44,validation,train,excluded_cross_cell
20161007_210049,40,13.33,test,train,excluded_cross_cell
20161007_210049,41,17.78,train,train,train
20161007_210049,42,11.11,test,train,excluded_cross_cell
20161007_210049,43,2.22,validation,train,excluded_cross_cell
20161007_210049,44,13.33,validation,train,excluded_cross_cell
20161007_210049,45,2.22,train,train,train
20161007_210049,46,15.56,test,train,excluded_cross_cell
20161007_210049,47,11.11,test,train,excluded_cross_cell
20161007_210049,48,20.0,train,train,train
20161007_210049,49,20.0,train,train,train
20161007_210049,50,2.22,test,train,excluded_cross_cell
20161007_210049,51,20.0,validation,train,excluded_cross_cell
20161007_210049,52,6.67,train,train,train
20161007_210049,53,17.78,validation,train,excluded_cross_cell
20161007_210049,54,17.78,test,train,excluded_cross_cell
20161007_210049,55,0.0,train,train,train
20161007_210049,56,13.33,test,train,excluded_cross_cell
20161007_210049,57,6.67,test,train,excluded_cross_cell
20161007_210049,58,20.0,train,train,train
20161007_210049,59,0.0,train,train,train
20161007_210049,60,8.89,train,train,train
20161007_210049,61,4.44,train,train,train
20161007_210049,62,13.33,train,train,train
20161007_210049,63,2.22,train,train,train
20161007_210049,64,20.0,validation,train,excluded_cross_cell
20161007_210049,65,6.67,train,train,train
20161007_210049,66,15.56,validation,train,excluded_cross_cell
20161007_210049,67,4.44,validation,train,excluded_cross_cell
20161007_210049,68,0.0,train,train,train
20161007_210049,69,8.89,train,train,train
20161007_210049,70,6.67,train,train,train
20161007_210049,71,6.67,validation,train,excluded_cross_cell
20161007_210049,72,4.44,test,train,excluded_cross_cell
20161007_210049,73,8.89,train,train,train
20161007_210049,74,0.0,test,train,excluded_cross_cell
20161007_210049,75,4.44,train,train,train
20161007_210049,76,8.89,train,train,train
20161007_210049,77,11.11,validation,train,excluded_cross_cell
20161007_210049,78,6.67,train,train,train
20161007_210049,79,4.44,train,train,train
20161007_210049,80,11.11,train,train,train
20161007_210049,81,6.67,train,train,train
20161007_210049,82,8.89,train,train,train
20161007_210049,83,13.33,train,train,train
20161007_210049,84,13.33,train,train,train
20161007_210049,85,15.56,train,train,train
20161007_210049,86,8.89,validation,train,excluded_cross_cell
20161007_210049,87,6.67,validation,train,excluded_cross_cell
20161007_210049,88,2.22,test,train,excluded_cross_cell
20161007_210049,89,0.0,test,train,excluded_cross_cell
20161007_210049,90,4.44,test,train,excluded_cross_cell
20161007_210049,91,0.0,validation,train,excluded_cross_cell
20161007_210049,92,20.0,train,train,train
20161007_210049,93,20.0,train,train,train
20161007_210049,94,20.0,test,train,excluded_cross_cell
20161007_210049,95,17.78,train,train,train
20161007_210049,96,17.78,train,train,train
20161007_210049,97,13.33,train,train,train
20161007_210049,98,17.78,validation,train,excluded_cross_cell
20161007_210049,99,2.22,train,train,train
20161008_234508,0,20.0,train,train,train
20161008_234508,1,15.56,train,train,train
20161008_234508,2,20.0,test,train,excluded_cross_cell
20161008_234508,3,4.44,train,train,train
20161008_234508,4,15.56,test,train,excluded_cross_cell
20161008_234508,5,6.67,train,train,train
20161008_234508,6,2.22,train,train,train
20161008_234508,7,11.11,train,train,train
20161008_234508,8,2.22,train,train,train
20161008_234508,9,13.33,validation,train,excluded_cross_cell
20161008_234508,10,4.44,train,train,train
20161008_234508,11,6.67,test,train,excluded_cross_cell
20161008_234508,12,0.0,validation,train,excluded_cross_cell
20161008_234508,13,15.56,train,train,train
20161008_234508,14,8.89,train,train,train
20161008_234508,15,15.56,train,train,train
20161008_234508,16,13.33,train,train,train
20161008_234508,17,15.56,train,train,train
20161008_234508,18,8.89,validation,train,excluded_cross_cell
20161008_234508,19,11.11,train,train,train
20161008_234508,20,0.0,train,train,train
20161008_234508,21,15.56,validation,train,excluded_cross_cell
20161008_234508,22,17.78,train,train,train
20161008_234508,23,11.11,train,train,train
20161008_234508,24,0.0,train,train,train
20161008_234508,25,11.11,validation,train,excluded_cross_cell
20161008_234508,26,13.33,train,train,train
20161008_234508,27,15.56,train,train,train
20161008_234508,28,17.78,train,train,train
20161008_234508,29,2.22,validation,train,excluded_cross_cell
20161008_234508,30,2.22,train,train,train
20161008_234508,31,8.89,test,train,excluded_cross_cell
20161008_234508,32,8.89,test,train,excluded_cross_cell
20161008_234508,33,0.0,train,train,train
20161008_234508,34,17.78,train,train,train
20161008_234508,35,4.44,train,train,train
20161008_234508,36,11.11,train,train,train
20161008_234508,37,11.11,train,train,train
20161008_234508,38,17.78,test,train,excluded_cross_cell
20161008_234508,39,4.44,validation,train,excluded_cross_cell
20161008_234508,40,13.33,test,train,excluded_cross_cell
20161008_234508,41,17.78,train,train,train
20161008_234508,42,11.11,test,train,excluded_cross_cell
20161008_234508,43,2.22,validation,train,excluded_cross_cell
20161008_234508,44,13.33,validation,train,excluded_cross_cell
20161008_234508,45,2.22,train,train,train
20161008_234508,46,15.56,test,train,excluded_cross_cell
20161008_234508,47,11.11,test,train,excluded_cross_cell
20161008_234508,48,20.0,train,train,train
20161008_234508,49,20.0,train,train,train
20161008_234508,50,2.22,test,train,excluded_cross_cell
20161008_234508,51,20.0,validation,train,excluded_cross_cell
20161008_234508,52,6.67,train,train,train
20161008_234508,53,17.78,validation,train,excluded_cross_cell
20161008_234508,54,17.78,test,train,excluded_cross_cell
20161008_234508,55,0.0,train,train,train
20161008_234508,56,13.33,test,train,excluded_cross_cell
20161008_234508,57,6.67,test,train,excluded_cross_cell
20161008_234508,58,20.0,train,train,train
20161008_234508,59,0.0,train,train,train
20161008_234508,60,8.89,train,train,train
20161008_234508,61,4.44,train,train,train
20161008_234508,62,13.33,train,train,train
20161008_234508,63,2.22,train,train,train
20161008_234508,64,20.0,validation,train,excluded_cross_cell
20161008_234508,65,6.67,train,train,train
20161008_234508,66,15.56,validation,train,excluded_cross_cell
20161008_234508,67,4.44,validation,train,excluded_cross_cell
20161008_234508,68,0.0,train,train,train
20161008_234508,69,8.89,train,train,train
20161008_234508,70,6.67,train,train,train
20161008_234508,71,6.67,validation,train,excluded_cross_cell
20161008_234508,72,4.44,test,train,excluded_cross_cell
20161008_234508,73,8.89,train,train,train
20161008_234508,74,0.0,test,train,excluded_cross_cell
20161008_234508,75,4.44,train,train,train
20161008_234508,76,8.89,train,train,train
20161008_234508,77,11.11,validation,train,excluded_cross_cell
20161008_234508,78,6.67,train,train,train
20161008_234508,79,4.44,train,train,train
20161008_234508,80,11.11,train,train,train
20161008_234508,81,6.67,train,train,train
20161008_234508,82,8.89,train,train,train
20161008_234508,83,13.33,train,train,train
20161008_234508,84,13.33,train,train,train
20161008_234508,85,15.56,train,train,train
20161008_234508,86,8.89,validation,train,excluded_cross_cell
20161008_234508,87,6.67,validation,train,excluded_cross_cell
20161008_234508,88,2.22,test,train,excluded_cross_cell
20161008_234508,89,0.0,test,train,excluded_cross_cell
20161008_234508,90,4.44,test,train,excluded_cross_cell
20161008_234508,91,0.0,validation,train,excluded_cross_cell
20161008_234508,92,20.0,train,train,train
20161008_234508,93,20.0,train,train,train
20161008_234508,94,20.0,test,train,excluded_cross_cell
20161008_234508,95,17.78,train,train,train
20161008_234508,96,17.78,train,train,train
20161008_234508,97,13.33,train,train,train
20161008_234508,98,17.78,validation,train,excluded_cross_cell
20161008_234508,99,2.22,train,train,train
20161010_095046,0,20.0,train,validation,excluded_cross_cell
20161010_095046,1,15.56,train,validation,excluded_cross_cell
20161010_095046,2,20.0,test,validation,excluded_cross_cell
20161010_095046,3,4.44,train,validation,excluded_cross_cell
20161010_095046,4,15.56,test,validation,excluded_cross_cell
20161010_095046,5,6.67,train,validation,excluded_cross_cell
20161010_095046,6,2.22,train,validation,excluded_cross_cell
20161010_095046,7,11.11,train,validation,excluded_cross_cell
20161010_095046,8,2.22,train,validation,excluded_cross_cell
20161010_095046,9,13.33,validation,validation,validation
20161010_095046,10,4.44,train,validation,excluded_cross_cell
20161010_095046,11,6.67,test,validation,excluded_cross_cell
20161010_095046,12,0.0,validation,validation,validation
20161010_095046,13,15.56,train,validation,excluded_cross_cell
20161010_095046,14,8.89,train,validation,excluded_cross_cell
20161010_095046,15,15.56,train,validation,excluded_cross_cell
20161010_095046,16,13.33,train,validation,excluded_cross_cell
20161010_095046,17,15.56,train,validation,excluded_cross_cell
20161010_095046,18,8.89,validation,validation,validation
20161010_095046,19,11.11,train,validation,excluded_cross_cell
20161010_095046,20,0.0,train,validation,excluded_cross_cell
20161010_095046,21,15.56,validation,validation,validation
20161010_095046,22,17.78,train,validation,excluded_cross_cell
20161010_095046,23,11.11,train,validation,excluded_cross_cell
20161010_095046,24,0.0,train,validation,excluded_cross_cell
20161010_095046,25,11.11,validation,validation,validation
20161010_095046,26,13.33,train,validation,excluded_cross_cell
20161010_095046,27,15.56,train,validation,excluded_cross_cell
20161010_095046,28,17.78,train,validation,excluded_cross_cell
20161010_095046,29,2.22,validation,validation,validation
20161010_095046,30,2.22,train,validation,excluded_cross_cell
20161010_095046,31,8.89,test,validation,excluded_cross_cell
20161010_095046,32,8.89,test,validation,excluded_cross_cell
20161010_095046,33,0.0,train,validation,excluded_cross_cell
20161010_095046,34,17.78,train,validation,excluded_cross_cell
20161010_095046,35,4.44,train,validation,excluded_cross_cell
20161010_095046,36,11.11,train,validation,excluded_cross_cell
20161010_095046,37,11.11,train,validation,excluded_cross_cell
20161010_095046,38,17.78,test,validation,excluded_cross_cell
20161010_095046,39,4.44,validation,validation,validation
20161010_095046,40,13.33,test,validation,excluded_cross_cell
20161010_095046,41,17.78,train,validation,excluded_cross_cell
20161010_095046,42,11.11,test,validation,excluded_cross_cell
20161010_095046,43,2.22,validation,validation,validation
20161010_095046,44,13.33,validation,validation,validation
20161010_095046,45,2.22,train,validation,excluded_cross_cell
20161010_095046,46,15.56,test,validation,excluded_cross_cell
20161010_095046,47,11.11,test,validation,excluded_cross_cell
20161010_095046,48,20.0,train,validation,excluded_cross_cell
20161010_095046,49,20.0,train,validation,excluded_cross_cell
20161010_095046,50,2.22,test,validation,excluded_cross_cell
20161010_095046,51,20.0,validation,validation,validation
20161010_095046,52,6.67,train,validation,excluded_cross_cell
20161010_095046,53,17.78,validation,validation,validation
20161010_095046,54,17.78,test,validation,excluded_cross_cell
20161010_095046,55,0.0,train,validation,excluded_cross_cell
20161010_095046,56,13.33,test,validation,excluded_cross_cell
20161010_095046,57,6.67,test,validation,excluded_cross_cell
20161010_095046,58,20.0,train,validation,excluded_cross_cell
20161010_095046,59,0.0,train,validation,excluded_cross_cell
20161010_095046,60,8.89,train,validation,excluded_cross_cell
20161010_095046,61,4.44,train,validation,excluded_cross_cell
20161010_095046,62,13.33,train,validation,excluded_cross_cell
20161010_095046,63,2.22,train,validation,excluded_cross_cell
20161010_095046,64,20.0,validation,validation,validation
20161010_095046,65,6.67,train,validation,excluded_cross_cell
20161010_095046,66,15.56,validation,validation,validation
20161010_095046,67,4.44,validation,validation,validation
20161010_095046,68,0.0,train,validation,excluded_cross_cell
20161010_095046,69,8.89,train,validation,excluded_cross_cell
20161010_095046,70,6.67,train,validation,excluded_cross_cell
20161010_095046,71,6.67,validation,validation,validation
20161010_095046,72,4.44,test,validation,excluded_cross_cell
20161010_095046,73,8.89,train,validation,excluded_cross_cell
20161010_095046,74,0.0,test,validation,excluded_cross_cell
20161010_095046,75,4.44,train,validation,excluded_cross_cell
20161010_095046,76,8.89,train,validation,excluded_cross_cell
20161010_095046,77,11.11,validation,validation,validation
20161010_095046,78,6.67,train,validation,excluded_cross_cell
20161010_095046,79,4.44,train,validation,excluded_cross_cell
20161010_095046,80,11.11,train,validation,excluded_cross_cell
20161010_095046,81,6.67,train,validation,excluded_cross_cell
20161010_095046,82,8.89,train,validation,excluded_cross_cell
20161010_095046,83,13.33,train,validation,excluded_cross_cell
20161010_095046,84,13.33,train,validation,excluded_cross_cell
20161010_095046,85,15.56,train,validation,excluded_cross_cell
20161010_095046,86,8.89,validation,validation,validation
20161010_095046,87,6.67,validation,validation,validation
20161010_095046,88,2.22,test,validation,excluded_cross_cell
20161010_095046,89,0.0,test,validation,excluded_cross_cell
20161010_095046,90,4.44,test,validation,excluded_cross_cell
20161010_095046,91,0.0,validation,validation,validation
20161010_095046,92,20.0,train,validation,excluded_cross_cell
20161010_095046,93,20.0,train,validation,excluded_cross_cell
20161010_095046,94,20.0,test,validation,excluded_cross_cell
20161010_095046,95,17.78,train,validation,excluded_cross_cell
20161010_095046,96,17.78,train,validation,excluded_cross_cell
20161010_095046,97,13.33,train,validation,excluded_cross_cell
20161010_095046,98,17.78,validation,validation,validation
20161010_095046,99,2.22,train,validation,excluded_cross_cell
20161011_113032,0,20.0,train,validation,excluded_cross_cell
20161011_113032,1,15.56,train,validation,excluded_cross_cell
20161011_113032,2,20.0,test,validation,excluded_cross_cell
20161011_113032,3,4.44,train,validation,excluded_cross_cell
20161011_113032,4,15.56,test,validation,excluded_cross_cell
20161011_113032,5,6.67,train,validation,excluded_cross_cell
20161011_113032,6,2.22,train,validation,excluded_cross_cell
20161011_113032,7,11.11,train,validation,excluded_cross_cell
20161011_113032,8,2.22,train,validation,excluded_cross_cell
20161011_113032,9,13.33,validation,validation,validation
20161011_113032,10,4.44,train,validation,excluded_cross_cell
20161011_113032,11,6.67,test,validation,excluded_cross_cell
20161011_113032,12,0.0,validation,validation,validation
20161011_113032,13,15.56,train,validation,excluded_cross_cell
20161011_113032,14,8.89,train,validation,excluded_cross_cell
20161011_113032,15,15.56,train,validation,excluded_cross_cell
20161011_113032,16,13.33,train,validation,excluded_cross_cell
20161011_113032,17,15.56,train,validation,excluded_cross_cell
20161011_113032,18,8.89,validation,validation,validation
20161011_113032,19,11.11,train,validation,excluded_cross_cell
20161011_113032,20,0.0,train,validation,excluded_cross_cell
20161011_113032,21,15.56,validation,validation,validation
20161011_113032,22,17.78,train,validation,excluded_cross_cell
20161011_113032,23,11.11,train,validation,excluded_cross_cell
20161011_113032,24,0.0,train,validation,excluded_cross_cell
20161011_113032,25,11.11,validation,validation,validation
20161011_113032,26,13.33,train,validation,excluded_cross_cell
20161011_113032,27,15.56,train,validation,excluded_cross_cell
20161011_113032,28,17.78,train,validation,excluded_cross_cell
20161011_113032,29,2.22,validation,validation,validation
20161011_113032,30,2.22,train,validation,excluded_cross_cell
20161011_113032,31,8.89,test,validation,excluded_cross_cell
20161011_113032,32,8.89,test,validation,excluded_cross_cell
20161011_113032,33,0.0,train,validation,excluded_cross_cell
20161011_113032,34,17.78,train,validation,excluded_cross_cell
20161011_113032,35,4.44,train,validation,excluded_cross_cell
20161011_113032,36,11.11,train,validation,excluded_cross_cell
20161011_113032,37,11.11,train,validation,excluded_cross_cell
20161011_113032,38,17.78,test,validation,excluded_cross_cell
20161011_113032,39,4.44,validation,validation,validation
20161011_113032,40,13.33,test,validation,excluded_cross_cell
20161011_113032,41,17.78,train,validation,excluded_cross_cell
20161011_113032,42,11.11,test,validation,excluded_cross_cell
20161011_113032,43,2.22,validation,validation,validation
20161011_113032,44,13.33,validation,validation,validation
20161011_113032,45,2.22,train,validation,excluded_cross_cell
20161011_113032,46,15.56,test,validation,excluded_cross_cell
20161011_113032,47,11.11,test,validation,excluded_cross_cell
20161011_113032,48,20.0,train,validation,excluded_cross_cell
20161011_113032,49,20.0,train,validation,excluded_cross_cell
20161011_113032,50,2.22,test,validation,excluded_cross_cell
20161011_113032,51,20.0,validation,validation,validation
20161011_113032,52,6.67,train,validation,excluded_cross_cell
20161011_113032,53,17.78,validation,validation,validation
20161011_113032,54,17.78,test,validation,excluded_cross_cell
20161011_113032,55,0.0,train,validation,excluded_cross_cell
20161011_113032,56,13.33,test,validation,excluded_cross_cell
20161011_113032,57,6.67,test,validation,excluded_cross_cell
20161011_113032,58,20.0,train,validation,excluded_cross_cell
20161011_113032,59,0.0,train,validation,excluded_cross_cell
20161011_113032,60,8.89,train,validation,excluded_cross_cell
20161011_113032,61,4.44,train,validation,excluded_cross_cell
20161011_113032,62,13.33,train,validation,excluded_cross_cell
20161011_113032,63,2.22,train,validation,excluded_cross_cell
20161011_113032,64,20.0,validation,validation,validation
20161011_113032,65,6.67,train,validation,excluded_cross_cell
20161011_113032,66,15.56,validation,validation,validation
20161011_113032,67,4.44,validation,validation,validation
20161011_113032,68,0.0,train,validation,excluded_cross_cell
20161011_113032,69,8.89,train,validation,excluded_cross_cell
20161011_113032,70,6.67,train,validation,excluded_cross_cell
20161011_113032,71,6.67,validation,validation,validation
20161011_113032,72,4.44,test,validation,excluded_cross_cell
20161011_113032,73,8.89,train,validation,excluded_cross_cell
20161011_113032,74,0.0,test,validation,excluded_cross_cell
20161011_113032,75,4.44,train,validation,excluded_cross_cell
20161011_113032,76,8.89,train,validation,excluded_cross_cell
20161011_113032,77,11.11,validation,validation,validation
20161011_113032,78,6.67,train,validation,excluded_cross_cell
20161011_113032,79,4.44,train,validation,excluded_cross_cell
20161011_113032,80,11.11,train,validation,excluded_cross_cell
20161011_113032,81,6.67,train,validation,excluded_cross_cell
20161011_113032,82,8.89,train,validation,excluded_cross_cell
20161011_113032,83,13.33,train,validation,excluded_cross_cell
20161011_113032,84,13.33,train,validation,excluded_cross_cell
20161011_113032,85,15.56,train,validation,excluded_cross_cell
20161011_113032,86,8.89,validation,validation,validation
20161011_113032,87,6.67,validation,validation,validation
20161011_113032,88,2.22,test,validation,excluded_cross_cell
20161011_113032,89,0.0,test,validation,excluded_cross_cell
20161011_113032,90,4.44,test,validation,excluded_cross_cell
20161011_113032,91,0.0,validation,validation,validation
20161011_113032,92,20.0,train,validation,excluded_cross_cell
20161011_113032,93,20.0,train,validation,excluded_cross_cell
20161011_113032,94,20.0,test,validation,excluded_cross_cell
20161011_113032,95,17.78,train,validation,excluded_cross_cell
20161011_113032,96,17.78,train,validation,excluded_cross_cell
20161011_113032,97,13.33,train,validation,excluded_cross_cell
20161011_113032,98,17.78,validation,validation,validation
20161011_113032,99,2.22,train,validation,excluded_cross_cell
20161013_143355,0,20.0,train,test,excluded_cross_cell
20161013_143355,1,15.56,train,test,excluded_cross_cell
20161013_143355,2,20.0,test,test,test
20161013_143355,3,4.44,train,test,excluded_cross_cell
20161013_143355,4,15.56,test,test,test
20161013_143355,5,6.67,train,test,excluded_cross_cell
20161013_143355,6,2.22,train,test,excluded_cross_cell
20161013_143355,7,11.11,train,test,excluded_cross_cell
20161013_143355,8,2.22,train,test,excluded_cross_cell
20161013_143355,9,13.33,validation,test,excluded_cross_cell
20161013_143355,10,4.44,train,test,excluded_cross_cell
20161013_143355,11,6.67,test,test,test
20161013_143355,12,0.0,validation,test,excluded_cross_cell
20161013_143355,13,15.56,train,test,excluded_cross_cell
20161013_143355,14,8.89,train,test,excluded_cross_cell
20161013_143355,15,15.56,train,test,excluded_cross_cell
20161013_143355,16,13.33,train,test,excluded_cross_cell
20161013_143355,17,15.56,train,test,excluded_cross_cell
20161013_143355,18,8.89,validation,test,excluded_cross_cell
20161013_143355,19,11.11,train,test,excluded_cross_cell
20161013_143355,20,0.0,train,test,excluded_cross_cell
20161013_143355,21,15.56,validation,test,excluded_cross_cell
20161013_143355,22,17.78,train,test,excluded_cross_cell
20161013_143355,23,11.11,train,test,excluded_cross_cell
20161013_143355,24,0.0,train,test,excluded_cross_cell
20161013_143355,25,11.11,validation,test,excluded_cross_cell
20161013_143355,26,13.33,train,test,excluded_cross_cell
20161013_143355,27,15.56,train,test,excluded_cross_cell
20161013_143355,28,17.78,train,test,excluded_cross_cell
20161013_143355,29,2.22,validation,test,excluded_cross_cell
20161013_143355,30,2.22,train,test,excluded_cross_cell
20161013_143355,31,8.89,test,test,test
20161013_143355,32,8.89,test,test,test
20161013_143355,33,0.0,train,test,excluded_cross_cell
20161013_143355,34,17.78,train,test,excluded_cross_cell
20161013_143355,35,4.44,train,test,excluded_cross_cell
20161013_143355,36,11.11,train,test,excluded_cross_cell
20161013_143355,37,11.11,train,test,excluded_cross_cell
20161013_143355,38,17.78,test,test,test
20161013_143355,39,4.44,validation,test,excluded_cross_cell
20161013_143355,40,13.33,test,test,test
20161013_143355,41,17.78,train,test,excluded_cross_cell
20161013_143355,42,11.11,test,test,test
20161013_143355,43,2.22,validation,test,excluded_cross_cell
20161013_143355,44,13.33,validation,test,excluded_cross_cell
20161013_143355,45,2.22,train,test,excluded_cross_cell
20161013_143355,46,15.56,test,test,test
20161013_143355,47,11.11,test,test,test
20161013_143355,48,20.0,train,test,excluded_cross_cell
20161013_143355,49,20.0,train,test,excluded_cross_cell
20161013_143355,50,2.22,test,test,test
20161013_143355,51,20.0,validation,test,excluded_cross_cell
20161013_143355,52,6.67,train,test,excluded_cross_cell
20161013_143355,53,17.78,validation,test,excluded_cross_cell
20161013_143355,54,17.78,test,test,test
20161013_143355,55,0.0,train,test,excluded_cross_cell
20161013_143355,56,13.33,test,test,test
20161013_143355,57,6.67,test,test,test
20161013_143355,58,20.0,train,test,excluded_cross_cell
20161013_143355,59,0.0,train,test,excluded_cross_cell
20161013_143355,60,8.89,train,test,excluded_cross_cell
20161013_143355,61,4.44,train,test,excluded_cross_cell
20161013_143355,62,13.33,train,test,excluded_cross_cell
20161013_143355,63,2.22,train,test,excluded_cross_cell
20161013_143355,64,20.0,validation,test,excluded_cross_cell
20161013_143355,65,6.67,train,test,excluded_cross_cell
20161013_143355,66,15.56,validation,test,excluded_cross_cell
20161013_143355,67,4.44,validation,test,excluded_cross_cell
20161013_143355,68,0.0,train,test,excluded_cross_cell
20161013_143355,69,8.89,train,test,excluded_cross_cell
20161013_143355,70,6.67,train,test,excluded_cross_cell
20161013_143355,71,6.67,validation,test,excluded_cross_cell
20161013_143355,72,4.44,test,test,test
20161013_143355,73,8.89,train,test,excluded_cross_cell
20161013_143355,74,0.0,test,test,test
20161013_143355,75,4.44,train,test,excluded_cross_cell
20161013_143355,76,8.89,train,test,excluded_cross_cell
20161013_143355,77,11.11,validation,test,excluded_cross_cell
20161013_143355,78,6.67,train,test,excluded_cross_cell
20161013_143355,79,4.44,train,test,excluded_cross_cell
20161013_143355,80,11.11,train,test,excluded_cross_cell
20161013_143355,81,6.67,train,test,excluded_cross_cell
20161013_143355,82,8.89,train,test,excluded_cross_cell
20161013_143355,83,13.33,train,test,excluded_cross_cell
20161013_143355,84,13.33,train,test,excluded_cross_cell
20161013_143355,85,15.56,train,test,excluded_cross_cell
20161013_143355,86,8.89,validation,test,excluded_cross_cell
20161013_143355,87,6.67,validation,test,excluded_cross_cell
20161013_143355,88,2.22,test,test,test
20161013_143355,89,0.0,test,test,test
20161013_143355,90,4.44,test,test,test
20161013_143355,91,0.0,validation,test,excluded_cross_cell
20161013_143355,92,20.0,train,test,excluded_cross_cell
20161013_143355,93,20.0,train,test,excluded_cross_cell
20161013_143355,94,20.0,test,test,test
20161013_143355,95,17.78,train,test,excluded_cross_cell
20161013_143355,96,17.78,train,test,excluded_cross_cell
20161013_143355,97,13.33,train,test,excluded_cross_cell
20161013_143355,98,17.78,validation,test,excluded_cross_cell
20161013_143355,99,2.22,train,test,excluded_cross_cell
20161014_184659,0,20.0,train,test,excluded_cross_cell
20161014_184659,1,15.56,train,test,excluded_cross_cell
20161014_184659,2,20.0,test,test,test
20161014_184659,3,4.44,train,test,excluded_cross_cell
20161014_184659,4,15.56,test,test,test
20161014_184659,5,6.67,train,test,excluded_cross_cell
20161014_184659,6,2.22,train,test,excluded_cross_cell
20161014_184659,7,11.11,train,test,excluded_cross_cell
20161014_184659,8,2.22,train,test,excluded_cross_cell
20161014_184659,9,13.33,validation,test,excluded_cross_cell
20161014_184659,10,4.44,train,test,excluded_cross_cell
20161014_184659,11,6.67,test,test,test
20161014_184659,12,0.0,validation,test,excluded_cross_cell
20161014_184659,13,15.56,train,test,excluded_cross_cell
20161014_184659,14,8.89,train,test,excluded_cross_cell
20161014_184659,15,15.56,train,test,excluded_cross_cell
20161014_184659,16,13.33,train,test,excluded_cross_cell
20161014_184659,17,15.56,train,test,excluded_cross_cell
20161014_184659,18,8.89,validation,test,excluded_cross_cell
20161014_184659,19,11.11,train,test,excluded_cross_cell
20161014_184659,20,0.0,train,test,excluded_cross_cell
20161014_184659,21,15.56,validation,test,excluded_cross_cell
20161014_184659,22,17.78,train,test,excluded_cross_cell
20161014_184659,23,11.11,train,test,excluded_cross_cell
20161014_184659,24,0.0,train,test,excluded_cross_cell
20161014_184659,25,11.11,validation,test,excluded_cross_cell
20161014_184659,26,13.33,train,test,excluded_cross_cell
20161014_184659,27,15.56,train,test,excluded_cross_cell
20161014_184659,28,17.78,train,test,excluded_cross_cell
20161014_184659,29,2.22,validation,test,excluded_cross_cell
20161014_184659,30,2.22,train,test,excluded_cross_cell
20161014_184659,31,8.89,test,test,test
20161014_184659,32,8.89,test,test,test
20161014_184659,33,0.0,train,test,excluded_cross_cell
20161014_184659,34,17.78,train,test,excluded_cross_cell
20161014_184659,35,4.44,train,test,excluded_cross_cell
20161014_184659,36,11.11,train,test,excluded_cross_cell
20161014_184659,37,11.11,train,test,excluded_cross_cell
20161014_184659,38,17.78,test,test,test
20161014_184659,39,4.44,validation,test,excluded_cross_cell
20161014_184659,40,13.33,test,test,test
20161014_184659,41,17.78,train,test,excluded_cross_cell
20161014_184659,42,11.11,test,test,test
20161014_184659,43,2.22,validation,test,excluded_cross_cell
20161014_184659,44,13.33,validation,test,excluded_cross_cell
20161014_184659,45,2.22,train,test,excluded_cross_cell
20161014_184659,46,15.56,test,test,test
20161014_184659,47,11.11,test,test,test
20161014_184659,48,20.0,train,test,excluded_cross_cell
20161014_184659,49,20.0,train,test,excluded_cross_cell
20161014_184659,50,2.22,test,test,test
20161014_184659,51,20.0,validation,test,excluded_cross_cell
20161014_184659,52,6.67,train,test,excluded_cross_cell
20161014_184659,53,17.78,validation,test,excluded_cross_cell
20161014_184659,54,17.78,test,test,test
20161014_184659,55,0.0,train,test,excluded_cross_cell
20161014_184659,56,13.33,test,test,test
20161014_184659,57,6.67,test,test,test
20161014_184659,58,20.0,train,test,excluded_cross_cell
20161014_184659,59,0.0,train,test,excluded_cross_cell
20161014_184659,60,8.89,train,test,excluded_cross_cell
20161014_184659,61,4.44,train,test,excluded_cross_cell
20161014_184659,62,13.33,train,test,excluded_cross_cell
20161014_184659,63,2.22,train,test,excluded_cross_cell
20161014_184659,64,20.0,validation,test,excluded_cross_cell
20161014_184659,65,6.67,train,test,excluded_cross_cell
20161014_184659,66,15.56,validation,test,excluded_cross_cell
20161014_184659,67,4.44,validation,test,excluded_cross_cell
20161014_184659,68,0.0,train,test,excluded_cross_cell
20161014_184659,69,8.89,train,test,excluded_cross_cell
20161014_184659,70,6.67,train,test,excluded_cross_cell
20161014_184659,71,6.67,validation,test,excluded_cross_cell
20161014_184659,72,4.44,test,test,test
20161014_184659,73,8.89,train,test,excluded_cross_cell
20161014_184659,74,0.0,test,test,test
20161014_184659,75,4.44,train,test,excluded_cross_cell
20161014_184659,76,8.89,train,test,excluded_cross_cell
20161014_184659,77,11.11,validation,test,excluded_cross_cell
20161014_184659,78,6.67,train,test,excluded_cross_cell
20161014_184659,79,4.44,train,test,excluded_cross_cell
20161014_184659,80,11.11,train,test,excluded_cross_cell
20161014_184659,81,6.67,train,test,excluded_cross_cell
20161014_184659,82,8.89,train,test,excluded_cross_cell
20161014_184659,83,13.33,train,test,excluded_cross_cell
20161014_184659,84,13.33,train,test,excluded_cross_cell
20161014_184659,85,15.56,train,test,excluded_cross_cell
20161014_184659,86,8.89,validation,test,excluded_cross_cell
20161014_184659,87,6.67,validation,test,excluded_cross_cell
20161014_184659,88,2.22,test,test,test
20161014_184659,89,0.0,test,test,test
20161014_184659,90,4.44,test,test,test
20161014_184659,91,0.0,validation,test,excluded_cross_cell
20161014_184659,92,20.0,train,test,excluded_cross_cell
20161014_184659,93,20.0,train,test,excluded_cross_cell
20161014_184659,94,20.0,test,test,test
20161014_184659,95,17.78,train,test,excluded_cross_cell
20161014_184659,96,17.78,train,test,excluded_cross_cell
20161014_184659,97,13.33,train,test,excluded_cross_cell
20161014_184659,98,17.78,validation,test,excluded_cross_cell
20161014_184659,99,2.22,train,test,excluded_cross_cell
20161016_053656,0,20.0,train,test,excluded_cross_cell
20161016_053656,1,15.56,train,test,excluded_cross_cell
20161016_053656,2,20.0,test,test,test
20161016_053656,3,4.44,train,test,excluded_cross_cell
20161016_053656,4,15.56,test,test,test
20161016_053656,5,6.67,train,test,excluded_cross_cell
20161016_053656,6,2.22,train,test,excluded_cross_cell
20161016_053656,7,11.11,train,test,excluded_cross_cell
20161016_053656,8,2.22,train,test,excluded_cross_cell
20161016_053656,9,13.33,validation,test,excluded_cross_cell
20161016_053656,10,4.44,train,test,excluded_cross_cell
20161016_053656,11,6.67,test,test,test
20161016_053656,12,0.0,validation,test,excluded_cross_cell
20161016_053656,13,15.56,train,test,excluded_cross_cell
20161016_053656,14,8.89,train,test,excluded_cross_cell
20161016_053656,15,15.56,train,test,excluded_cross_cell
20161016_053656,16,13.33,train,test,excluded_cross_cell
20161016_053656,17,15.56,train,test,excluded_cross_cell
20161016_053656,18,8.89,validation,test,excluded_cross_cell
20161016_053656,19,11.11,train,test,excluded_cross_cell
20161016_053656,20,0.0,train,test,excluded_cross_cell
20161016_053656,21,15.56,validation,test,excluded_cross_cell
20161016_053656,22,17.78,train,test,excluded_cross_cell
20161016_053656,23,11.11,train,test,excluded_cross_cell
20161016_053656,24,0.0,train,test,excluded_cross_cell
20161016_053656,25,11.11,validation,test,excluded_cross_cell
20161016_053656,26,13.33,train,test,excluded_cross_cell
20161016_053656,27,15.56,train,test,excluded_cross_cell
20161016_053656,28,17.78,train,test,excluded_cross_cell
20161016_053656,29,2.22,validation,test,excluded_cross_cell
20161016_053656,30,2.22,train,test,excluded_cross_cell
20161016_053656,31,8.89,test,test,test
20161016_053656,32,8.89,test,test,test
20161016_053656,33,0.0,train,test,excluded_cross_cell
20161016_053656,34,17.78,train,test,excluded_cross_cell
20161016_053656,35,4.44,train,test,excluded_cross_cell
20161016_053656,36,11.11,train,test,excluded_cross_cell
20161016_053656,37,11.11,train,test,excluded_cross_cell
20161016_053656,38,17.78,test,test,test
20161016_053656,39,4.44,validation,test,excluded_cross_cell
20161016_053656,40,13.33,test,test,test
20161016_053656,41,17.78,train,test,excluded_cross_cell
20161016_053656,42,11.11,test,test,test
20161016_053656,43,2.22,validation,test,excluded_cross_cell
20161016_053656,44,13.33,validation,test,excluded_cross_cell
20161016_053656,45,2.22,train,test,excluded_cross_cell
20161016_053656,46,15.56,test,test,test
20161016_053656,47,11.11,test,test,test
20161016_053656,48,20.0,train,test,excluded_cross_cell
20161016_053656,49,20.0,train,test,excluded_cross_cell
20161016_053656,50,2.22,test,test,test
20161016_053656,51,20.0,validation,test,excluded_cross_cell
20161016_053656,52,6.67,train,test,excluded_cross_cell
20161016_053656,53,17.78,validation,test,excluded_cross_cell
20161016_053656,54,17.78,test,test,test
20161016_053656,55,0.0,train,test,excluded_cross_cell
20161016_053656,56,13.33,test,test,test
20161016_053656,57,6.67,test,test,test
20161016_053656,58,20.0,train,test,excluded_cross_cell
20161016_053656,59,0.0,train,test,excluded_cross_cell
20161016_053656,60,8.89,train,test,excluded_cross_cell
20161016_053656,61,4.44,train,test,excluded_cross_cell
20161016_053656,62,13.33,train,test,excluded_cross_cell
20161016_053656,63,2.22,train,test,excluded_cross_cell
20161016_053656,64,20.0,validation,test,excluded_cross_cell
20161016_053656,65,6.67,train,test,excluded_cross_cell
20161016_053656,66,15.56,validation,test,excluded_cross_cell
20161016_053656,67,4.44,validation,test,excluded_cross_cell
20161016_053656,68,0.0,train,test,excluded_cross_cell
20161016_053656,69,8.89,train,test,excluded_cross_cell
20161016_053656,70,6.67,train,test,excluded_cross_cell
20161016_053656,71,6.67,validation,test,excluded_cross_cell
20161016_053656,72,4.44,test,test,test
20161016_053656,73,8.89,train,test,excluded_cross_cell
20161016_053656,74,0.0,test,test,test
20161016_053656,75,4.44,train,test,excluded_cross_cell
20161016_053656,76,8.89,train,test,excluded_cross_cell
20161016_053656,77,11.11,validation,test,excluded_cross_cell
20161016_053656,78,6.67,train,test,excluded_cross_cell
20161016_053656,79,4.44,train,test,excluded_cross_cell
20161016_053656,80,11.11,train,test,excluded_cross_cell
20161016_053656,81,6.67,train,test,excluded_cross_cell
20161016_053656,82,8.89,train,test,excluded_cross_cell
20161016_053656,83,13.33,train,test,excluded_cross_cell
20161016_053656,84,13.33,train,test,excluded_cross_cell
20161016_053656,85,15.56,train,test,excluded_cross_cell
20161016_053656,86,8.89,validation,test,excluded_cross_cell
20161016_053656,87,6.67,validation,test,excluded_cross_cell
20161016_053656,88,2.22,test,test,test
20161016_053656,89,0.0,test,test,test
20161016_053656,90,4.44,test,test,test
20161016_053656,91,0.0,validation,test,excluded_cross_cell
20161016_053656,92,20.0,train,test,excluded_cross_cell
20161016_053656,93,20.0,train,test,excluded_cross_cell
20161016_053656,94,20.0,test,test,test
20161016_053656,95,17.78,train,test,excluded_cross_cell
20161016_053656,96,17.78,train,test,excluded_cross_cell
20161016_053656,97,13.33,train,test,excluded_cross_cell
20161016_053656,98,17.78,validation,test,excluded_cross_cell
20161016_053656,99,2.22,train,test,excluded_cross_cell
