time_basis,held_out_date,training_outside_seconds,release_seconds,outside_release_seconds,p95_threshold_ppm,p95_release_fraction,p95_outside_fraction,p99_threshold_ppm,p99_release_fraction,p99_outside_fraction,rank_auc
fixed_mst,2024-02-08,76617,32,386,2.757747999999998,0.0,0.0,8.550526799999911,0.0,0.0,0.8403092616580311
fixed_mst,2024-02-09,76624,528,379,2.755822999999998,0.821969696969697,0.018469656992084433,8.548766650000102,0.19696969696969696,0.0,0.9685775965459342
fixed_mst,2024-02-10,73651,4978,3352,2.7948774999999997,0.03435114503816794,0.0,9.0239525,0.01687424668541583,0.0,0.6084806262111764
fixed_mst,2024-02-11,76110,698,893,2.7623912500000007,0.09455587392550144,0.0011198208286674132,8.63777305000003,0.01002865329512894,0.0,0.5940673560998149
fixed_mst,2024-02-12,74125,2366,2878,2.709895,0.514792899408284,0.16990965948575398,8.928662599999841,0.04142011834319527,0.0,0.776800730407669
fixed_mst,2024-02-13,74369,4173,2634,2.7807769999999996,0.2022525760843518,0.0030372057706909645,8.862416399999969,0.0016774502755811168,0.0,0.7757474242795598
fixed_mst,2024-02-14,76222,648,781,2.76135325,0.13117283950617284,0.0,8.62181059999976,0.010802469135802469,0.0,0.5092404878203001
fixed_mst,2024-02-15,74689,3638,2314,2.7759599999999964,0.1302913688840022,0.004753673292999135,8.840016599999975,0.0,0.0,0.6337508428035388
fixed_mst,2024-02-16,73450,6505,3553,2.796902,0.09239046887009993,0.0,9.073721749999894,0.0,0.0,0.7370640653350072
fixed_mst,2024-02-17,75888,832,1115,2.7649447499999997,0.046875,0.0,8.651620250000043,0.0,0.0,0.7887035400137978
fixed_mst,2024-02-18,75690,2826,1313,2.7435375000000004,0.5438782731776363,0.08225437928408226,8.688728600000005,0.32873319179051663,0.0,0.8081158311813543
fixed_mst,2024-02-19,73967,2696,3036,2.7868584999999992,0.3330860534124629,0.0032938076416337285,8.9422094,0.009272997032640949,0.0,0.9179835788539504
fixed_mst,2024-02-20,75300,4034,1703,2.7509902499999996,0.25855230540406543,0.05226071638285379,8.731619649999981,0.0004957858205255329,0.0,0.7325826481949815
fixed_mst,2024-02-21,76180,852,823,2.743833500000001,0.12206572769953052,0.09720534629404617,8.631574550000057,0.0,0.0,0.584168335244354
fixed_mst,2024-02-22,74658,2446,2345,2.7797412499999994,0.03556827473426002,0.0008528784648187633,8.841699899999963,0.0,0.0,0.4022493536290048
fixed_mst,2024-02-23,73169,5020,3834,2.8002049999999983,0.07808764940239044,0.0,9.099471999999988,0.0,0.0,0.5333901743053867
fixed_mst,2024-02-24,75875,1173,1128,2.7648580000000007,0.08354646206308611,0.0017730496453900709,8.65284549999995,0.0,0.0,0.4958228280519732
fixed_mst,2024-02-25,75579,2594,1424,2.7554224999999977,0.042020046260601386,0.042837078651685394,8.694494100000002,0.00038550501156515033,0.0,0.5527608547815616
fixed_mst,2024-02-26,75545,4269,1458,2.7374630000000013,0.3724525650035137,0.10699588477366255,8.695481799999992,0.0009369875849144999,0.0,0.6152726084404073
fixed_mst,2024-02-27,74022,3448,2981,2.7891537499999974,0.004060324825986079,0.0,8.940785849999962,0.0,0.0,0.6892818768674925
fixed_mst,2024-02-28,76409,2191,594,2.743076999999999,0.4363304427202191,0.12626262626262627,8.568557799999986,0.09402099497946144,0.0,0.6819438105380597
fixed_mst,2024-02-29,75664,2729,1339,2.7396617499999976,0.5163063393184316,0.10156833457804332,8.690226199999973,0.05826310003664346,0.0,0.8212964997697126
fixed_mst,2024-03-01,73164,5527,3839,2.780729749999998,0.7908449430070563,0.017973430580880436,9.099551999999994,0.385199927628008,0.0,0.8648257461429372
fixed_mst,2024-03-02,75842,3067,1161,2.7511245,0.4776654711444408,0.050818260120585705,8.647504499999975,0.20182588849038147,0.0008613264427217916,0.8294653681896726
fixed_mst,2024-03-03,75966,1356,1037,2.7646687500000002,0.04424778761061947,0.0,8.64581250000004,0.0007374631268436578,0.0,0.4130863791911658
fixed_mst,2024-03-04,75996,3324,1007,2.76264625,0.24488567990373045,0.004965243296921549,8.643697500000021,0.013537906137184115,0.0,0.6900936823702195
fixed_mst,2024-03-05,73355,4281,3648,2.7731605000000004,0.809857509927587,0.02549342105263158,9.084301500000011,0.31207661761270733,0.0,0.9237553121298926
fixed_mst,2024-03-06,76524,1226,479,2.7585624999999987,0.39559543230016314,0.0020876826722338203,8.56031345000003,0.08809135399673736,0.0,0.8594517874718606
fixed_mst,2024-03-07,75581,3231,1422,2.7509949999999996,0.375735066542866,0.052039381153305204,8.69443599999999,0.0807799442896936,0.0,0.8223989124345247
fixed_mst,2024-03-08,75219,4414,1784,2.758653499999994,0.4653375623017671,0.03699551569506727,8.734426299999974,0.19075668328047124,0.0,0.7786028098528733
fixed_mst,2024-03-09,75772,2096,1231,2.733974,0.2681297709923664,0.1364744110479285,8.66801974999982,0.0057251908396946565,0.0,0.5211739431728688
fixed_mst,2024-03-10,75940,1879,1063,2.71661525,0.5822245875465674,0.2953904045155221,7.021186450000024,0.26290580095795635,0.11006585136406397,0.7125572688581074
fixed_mst,2024-03-11,75765,2900,1238,2.7034540000000007,0.4206896551724138,0.3683360258481422,7.137721800000022,0.24689655172413794,0.08804523424878836,0.555718901453958
fixed_mst,2024-03-12,74344,4761,2659,2.7288132499999995,0.18042428061331653,0.10680707032719067,8.845792499999986,0.001260239445494644,0.000752162467092892,0.4749097890840704
fixed_mst,2024-03-13,76574,1053,429,2.7532044999999967,0.15004748338081672,0.037296037296037296,8.55657095000003,0.045584045584045586,0.0,0.5847141146286445
fixed_mst,2024-03-14,75168,3423,1835,2.7732519999999994,0.027461291264972248,0.0,8.735782600000004,0.00029214139643587495,0.0,0.5012207052627641
fixed_mst,2024-03-15,73097,4186,3906,2.7958179999999997,0.12207357859531773,0.005888376856118792,9.100681599999982,0.0,0.0,0.6512313434022511
fixed_mst,2024-03-16,75464,2551,1539,2.769876249999996,0.0,0.0,8.700448899999953,0.0,0.0,0.40473203057879176
fixed_mst,2024-03-17,75812,2091,1191,2.74710675,0.008130081300813009,0.06968933669185558,8.164940299999994,0.0,0.03190596137699412,0.6244741266496974
fixed_mst,2024-03-18,75379,2455,1624,2.7216799999999974,0.4081466395112016,0.18226600985221675,7.2181804000000005,0.19429735234215886,0.06527093596059114,0.5806867205762845
fixed_mst,2024-03-19,73963,4656,3040,2.709474999999997,0.3165807560137457,0.16513157894736843,5.14780040000003,0.15270618556701032,0.15888157894736843,0.5981340926817689
fixed_mst,2024-03-20,76444,864,559,2.7593422499999996,0.003472222222222222,0.005366726296958855,8.566076299999946,0.0,0.0,0.20374200788444974
fixed_mst,2024-03-21,74954,2815,2049,2.738342249999998,0.046536412078152754,0.08784773060029283,8.71841185000003,0.020959147424511545,0.0019521717911176184,0.3823694268399349
