file,split,method,stimulus,onset_s,first_alarm_s,delay_s,max_score_60s,longest_consecutive_gt_threshold_s,already_high_at_onset
ethylene_CO.txt,train,B0,target_gas,3207.01,3240,32.99,50.09797977562727,31,0
ethylene_CO.txt,train,B0,target_gas,3489.01,3521,31.99,49.597663268955685,32,0
ethylene_CO.txt,train,B0,target_gas,3721.01,3757,35.99,47.09154293632844,28,0
ethylene_CO.txt,train,B0,target_gas,3937.01,3980,42.99,37.61063202893039,21,0
ethylene_CO.txt,train,B0,target_gas,11704.01,,,1.816616215993684,0,0
ethylene_CO.txt,train,B0,ethylene_only,5989.01,,,0.7040347291874225,0,0
ethylene_CO.txt,train,B0,ethylene_only,6185.01,,,11.155503661154382,0,0
ethylene_CO.txt,train,B0,ethylene_only,6376.01,,,0.38025792387611945,0,0
ethylene_CO.txt,train,B0,ethylene_only,11349.01,,,0.059860330786643184,0,0
ethylene_CO.txt,train,B1,target_gas,3207.01,3225,17.99,9.05196014947942,46,0
ethylene_CO.txt,train,B1,target_gas,3489.01,3507,17.99,8.842163824706352,46,0
ethylene_CO.txt,train,B1,target_gas,3721.01,3740,18.99,8.49865456644778,45,0
ethylene_CO.txt,train,B1,target_gas,3937.01,3957,19.99,6.011041204412594,44,0
ethylene_CO.txt,train,B1,target_gas,11704.01,11723,18.99,6.0206346057500015,45,0
ethylene_CO.txt,train,B1,ethylene_only,5989.01,6040,50.99,4.600288367170183,13,0
ethylene_CO.txt,train,B1,ethylene_only,6185.01,6223,37.99,10.186236575633586,26,0
ethylene_CO.txt,train,B1,ethylene_only,6376.01,6413,36.99,8.089935914791738,27,0
ethylene_CO.txt,train,B1,ethylene_only,11349.01,11385,35.99,11.209863986217899,28,0
ethylene_CO.txt,validation,B0,target_gas,14394.01,,,0.5542873533001909,0,0
ethylene_CO.txt,validation,B0,target_gas,14594.01,,,0.45942803878748617,0,0
ethylene_CO.txt,validation,B0,target_gas,14794.01,,,0.41351902703095583,0,0
ethylene_CO.txt,validation,B0,target_gas,15694.01,,,0.4412285672499342,0,0
ethylene_CO.txt,validation,B0,target_gas,15894.01,,,0.3810785897014202,0,0
ethylene_CO.txt,validation,B0,target_gas,16094.01,,,0.3430383149757147,0,0
ethylene_CO.txt,validation,B0,target_gas,16294.01,,,0.3200113974069818,0,0
ethylene_CO.txt,validation,B0,ethylene_only,12668.01,,,1.8522427677037991,0,0
ethylene_CO.txt,validation,B0,ethylene_only,13794.01,,,0.9980261924863392,0,0
ethylene_CO.txt,validation,B0,ethylene_only,13994.01,,,0.9980261924863392,0,0
ethylene_CO.txt,validation,B0,ethylene_only,14194.01,,,0.9630272087602779,0,0
ethylene_CO.txt,validation,B0,ethylene_only,15094.01,,,0.40482962417483026,0,0
ethylene_CO.txt,validation,B0,ethylene_only,15294.01,,,0.423849761537683,0,0
ethylene_CO.txt,validation,B0,ethylene_only,15494.01,,,0.4364976701393769,0,0
ethylene_CO.txt,validation,B0,ethylene_only,17505.01,,,1.0934648005227856,0,0
ethylene_CO.txt,validation,B0,ethylene_only,17921.01,,,0.824720879966945,0,0
ethylene_CO.txt,validation,B0,ethylene_only,18305.01,,,0.7460335096586962,0,0
ethylene_CO.txt,validation,B0,ethylene_only,18606.01,,,0.7054829629967768,0,0
ethylene_CO.txt,validation,B0,ethylene_only,18920.01,,,0.6706288026516506,0,0
ethylene_CO.txt,validation,B0,ethylene_only,20379.01,20439,59.99,267.8064788110457,4,0
ethylene_CO.txt,validation,B0,ethylene_only,20784.01,,,0.6173820729277252,0,0
ethylene_CO.txt,validation,B1,target_gas,14394.01,14414,19.99,4.828661566913794,44,0
ethylene_CO.txt,validation,B1,target_gas,14594.01,14614,19.99,6.331024549379368,44,0
ethylene_CO.txt,validation,B1,target_gas,14794.01,14814,19.99,8.153890181479532,44,0
ethylene_CO.txt,validation,B1,target_gas,15694.01,15714,19.99,4.836267066926945,44,0
ethylene_CO.txt,validation,B1,target_gas,15894.01,15915,20.99,6.297749267500098,43,0
ethylene_CO.txt,validation,B1,target_gas,16094.01,16114,19.99,8.205021597764441,44,0
ethylene_CO.txt,validation,B1,target_gas,16294.01,16315,20.99,6.3749442896936195,43,0
ethylene_CO.txt,validation,B1,ethylene_only,12668.01,12707,38.99,8.017166498941037,25,0
ethylene_CO.txt,validation,B1,ethylene_only,13794.01,13826,31.99,12.834280215032209,32,0
ethylene_CO.txt,validation,B1,ethylene_only,13994.01,14032,37.99,8.386017575918883,26,0
ethylene_CO.txt,validation,B1,ethylene_only,14194.01,14250,55.99,3.613742886244114,8,0
ethylene_CO.txt,validation,B1,ethylene_only,15094.01,15132,37.99,12.351250559638304,26,0
ethylene_CO.txt,validation,B1,ethylene_only,15294.01,15332,37.99,8.363223993553948,26,0
ethylene_CO.txt,validation,B1,ethylene_only,15494.01,15550,55.99,3.6959544789596075,8,0
ethylene_CO.txt,validation,B1,ethylene_only,17505.01,17534,28.99,14.80828499108167,35,0
ethylene_CO.txt,validation,B1,ethylene_only,17921.01,17978,56.99,3.8375001708913254,7,0
ethylene_CO.txt,validation,B1,ethylene_only,18305.01,18338,32.99,11.959332617166805,31,0
ethylene_CO.txt,validation,B1,ethylene_only,18606.01,18661,54.99,3.7334947199425397,9,0
ethylene_CO.txt,validation,B1,ethylene_only,18920.01,18950,29.99,12.349779216553479,34,0
ethylene_CO.txt,validation,B1,ethylene_only,20379.01,20417,37.99,19.401446502552847,26,0
ethylene_CO.txt,validation,B1,ethylene_only,20784.01,20826,41.99,8.44299219224455,22,0
ethylene_CO.txt,test,B0,target_gas,27169.01,,,0.8760849057387097,0,0
ethylene_CO.txt,test,B0,target_gas,27369.01,,,0.8784986287543001,0,0
ethylene_CO.txt,test,B0,target_gas,27569.01,,,0.8729953402787539,0,0
ethylene_CO.txt,test,B0,target_gas,28469.01,,,0.8706298917234753,0,0
ethylene_CO.txt,test,B0,target_gas,28669.01,,,0.8690368345331855,0,0
ethylene_CO.txt,test,B0,target_gas,28869.01,,,0.8706298917234753,0,0
ethylene_CO.txt,test,B0,target_gas,29163.01,,,0.8769055715640104,0,0
ethylene_CO.txt,test,B0,target_gas,29555.01,,,0.8682644431681965,0,0
ethylene_CO.txt,test,B0,target_gas,30061.01,,,0.8690368345331855,0,0
ethylene_CO.txt,test,B0,target_gas,30668.01,,,0.5519219047449123,0,0
ethylene_CO.txt,test,B0,target_gas,30866.01,,,0.5590182504107482,0,0
ethylene_CO.txt,test,B0,target_gas,31194.01,,,0.5819003445985457,0,0
ethylene_CO.txt,test,B0,target_gas,31565.01,,,0.5819003445985457,0,0
ethylene_CO.txt,test,B0,target_gas,31778.01,,,0.5739833331074089,0,0
ethylene_CO.txt,test,B0,ethylene_only,25687.01,,,0.8776779629289994,0,0
ethylene_CO.txt,test,B0,ethylene_only,25981.01,,,0.8760849057387097,0,0
ethylene_CO.txt,test,B0,ethylene_only,26183.01,,,0.8737677316437429,0,0
ethylene_CO.txt,test,B0,ethylene_only,26569.01,,,0.879271020119289,0,0
ethylene_CO.txt,test,B0,ethylene_only,26769.01,,,0.8831812514045455,0,0
ethylene_CO.txt,test,B0,ethylene_only,26969.01,,,0.8808158028492669,0,0
ethylene_CO.txt,test,B0,ethylene_only,27869.01,,,0.8729953402787539,0,0
ethylene_CO.txt,test,B0,ethylene_only,28069.01,,,0.8760849057387097,0,0
ethylene_CO.txt,test,B0,ethylene_only,28269.01,,,0.8706298917234753,0,0
ethylene_CO.txt,test,B0,ethylene_only,32186.01,,,0.585858850344114,0,0
ethylene_CO.txt,test,B0,ethylene_only,32488.01,,,1.4163243910881642,0,0
ethylene_CO.txt,test,B0,ethylene_only,32659.01,,,1.3899665357579163,0,0
ethylene_CO.txt,test,B0,ethylene_only,32889.01,,,1.3472919128422776,0,0
ethylene_CO.txt,test,B0,ethylene_only,33175.01,,,1.3136446140049465,0,0
ethylene_CO.txt,test,B0,ethylene_only,33379.01,33436,56.99,227.5759435465331,7,0
ethylene_CO.txt,test,B0,ethylene_only,36082.01,,,0.6843870238405161,0,0
ethylene_CO.txt,test,B0,ethylene_only,36317.01,,,0.7008968892671549,0,0
ethylene_CO.txt,test,B1,target_gas,27169.01,27191,21.99,4.9994696921038875,42,0
ethylene_CO.txt,test,B1,target_gas,27369.01,27391,21.99,6.6882977444637435,42,0
ethylene_CO.txt,test,B1,target_gas,27569.01,27590,20.99,8.460780430994847,43,0
ethylene_CO.txt,test,B1,target_gas,28469.01,28491,21.99,4.8201888180384,42,0
ethylene_CO.txt,test,B1,target_gas,28669.01,28691,21.99,6.607219938412873,42,0
ethylene_CO.txt,test,B1,target_gas,28869.01,28890,20.99,8.439117356586348,43,0
ethylene_CO.txt,test,B1,target_gas,29163.01,29186,22.99,7.441884008814288,41,0
ethylene_CO.txt,test,B1,target_gas,29555.01,29576,20.99,8.61488576344685,43,0
ethylene_CO.txt,test,B1,target_gas,30061.01,30085,23.99,6.225588283404235,40,0
ethylene_CO.txt,test,B1,target_gas,30668.01,30691,22.99,6.0277815980594625,41,0
ethylene_CO.txt,test,B1,target_gas,30866.01,30889,22.99,6.494286614929151,41,0
ethylene_CO.txt,test,B1,target_gas,31194.01,31219,24.99,5.284787286649641,39,0
ethylene_CO.txt,test,B1,target_gas,31565.01,31589,23.99,6.759609293217445,40,0
ethylene_CO.txt,test,B1,target_gas,31778.01,31800,21.99,8.13270340437269,42,0
ethylene_CO.txt,test,B1,ethylene_only,25687.01,25724,36.99,8.038873881506333,27,0
ethylene_CO.txt,test,B1,ethylene_only,25981.01,26034,52.99,4.333330068726186,11,0
ethylene_CO.txt,test,B1,ethylene_only,26183.01,26211,27.99,14.520619101431176,36,0
ethylene_CO.txt,test,B1,ethylene_only,26569.01,26601,31.99,13.476616606462159,32,0
ethylene_CO.txt,test,B1,ethylene_only,26769.01,26806,36.99,8.270017142224239,27,0
ethylene_CO.txt,test,B1,ethylene_only,26969.01,27023,53.99,3.639961253835454,10,0
ethylene_CO.txt,test,B1,ethylene_only,27869.01,27907,37.99,12.708035890140385,26,0
ethylene_CO.txt,test,B1,ethylene_only,28069.01,28106,36.99,8.30758384116936,27,0
ethylene_CO.txt,test,B1,ethylene_only,28269.01,28323,53.99,3.588278497737908,10,0
ethylene_CO.txt,test,B1,ethylene_only,32186.01,32227,40.99,5.792080467572682,23,0
ethylene_CO.txt,test,B1,ethylene_only,32488.01,32520,31.99,11.490084381023006,32,0
ethylene_CO.txt,test,B1,ethylene_only,32659.01,32709,49.99,3.997385827008888,14,0
ethylene_CO.txt,test,B1,ethylene_only,32889.01,32922,32.99,11.21053250439386,31,0
ethylene_CO.txt,test,B1,ethylene_only,33175.01,33201,25.99,14.955324252485767,38,0
ethylene_CO.txt,test,B1,ethylene_only,33379.01,33406,26.99,22.18475517377236,37,0
ethylene_CO.txt,test,B1,ethylene_only,36082.01,36119,36.99,7.862133131690277,27,0
ethylene_CO.txt,test,B1,ethylene_only,36317.01,36362,44.99,5.244233276824981,19,0
ethylene_methane.txt,train,B0,target_gas,9546.01,9565,18.99,23.910701545745503,45,0
ethylene_methane.txt,train,B0,target_gas,9942.01,9962,19.99,21.82448785820171,44,0
ethylene_methane.txt,train,B0,target_gas,10230.01,10248,17.99,36.77067048701662,46,0
ethylene_methane.txt,train,B0,target_gas,10532.01,10550,17.99,28.252431790235995,46,0
ethylene_methane.txt,train,B0,target_gas,10817.01,10835,17.99,37.31081548282532,46,0
ethylene_methane.txt,train,B0,target_gas,11044.01,11062,17.99,37.82004322709951,46,0
ethylene_methane.txt,train,B0,target_gas,11502.01,11521,18.99,18.108069331746936,45,0
ethylene_methane.txt,train,B0,ethylene_only,8802.01,,,3.7839005808040667,0,0
ethylene_methane.txt,train,B0,ethylene_only,9106.01,,,1.0464046839355765,0,0
ethylene_methane.txt,train,B0,ethylene_only,9309.01,,,3.6010765667300726,0,0
ethylene_methane.txt,train,B1,target_gas,9546.01,9565,18.99,10.475160204651068,45,1
ethylene_methane.txt,train,B1,target_gas,9942.01,9970,27.99,8.425176645510696,36,0
ethylene_methane.txt,train,B1,target_gas,10230.01,10254,23.99,14.171574552365353,40,0
ethylene_methane.txt,train,B1,target_gas,10532.01,10555,22.99,10.937915566662662,41,0
ethylene_methane.txt,train,B1,target_gas,10817.01,10842,24.99,14.332517794222227,39,0
ethylene_methane.txt,train,B1,target_gas,11044.01,11067,22.99,14.490172299812873,41,0
ethylene_methane.txt,train,B1,target_gas,11502.01,11530,27.99,6.714403879679259,36,0
ethylene_methane.txt,train,B1,ethylene_only,8802.01,8842,39.99,10.27352556600294,24,0
ethylene_methane.txt,train,B1,ethylene_only,9106.01,9166,59.99,2.7900999504897444,4,0
ethylene_methane.txt,train,B1,ethylene_only,9309.01,9343,33.99,11.344983392264528,30,0
ethylene_methane.txt,validation,B0,target_gas,14134.01,14154,19.99,24.199633567085893,44,0
ethylene_methane.txt,validation,B0,target_gas,14334.01,14352,17.99,33.372452313354906,46,0
ethylene_methane.txt,validation,B0,target_gas,14534.01,14552,17.99,29.23374535394094,46,0
ethylene_methane.txt,validation,B0,target_gas,15434.01,15454,19.99,24.256315194899138,44,0
ethylene_methane.txt,validation,B0,target_gas,15634.01,15652,17.99,33.4430673158597,46,0
ethylene_methane.txt,validation,B0,target_gas,15834.01,15852,17.99,29.3011037392841,46,0
ethylene_methane.txt,validation,B0,target_gas,16141.01,16160,18.99,34.63688545511175,45,0
ethylene_methane.txt,validation,B0,target_gas,16424.01,16443,18.99,19.4337186315421,45,0
ethylene_methane.txt,validation,B0,target_gas,16661.01,16679,17.99,37.54479724243839,46,0
ethylene_methane.txt,validation,B0,target_gas,16887.01,16906,18.99,20.74980419486258,45,0
ethylene_methane.txt,validation,B0,target_gas,19983.01,20003,19.99,33.486722475026404,44,0
ethylene_methane.txt,validation,B0,target_gas,20399.01,20420,20.99,20.702603857519918,43,0
ethylene_methane.txt,validation,B0,target_gas,21358.01,21379,20.99,18.561110124232446,43,0
ethylene_methane.txt,validation,B0,target_gas,23624.01,23643,18.99,37.515941141006195,45,0
ethylene_methane.txt,validation,B0,target_gas,23842.01,23861,18.99,38.61032939932331,45,0
ethylene_methane.txt,validation,B0,ethylene_only,12909.01,,,2.4629919262442006,0,0
ethylene_methane.txt,validation,B0,ethylene_only,13534.01,,,3.678988040597006,0,0
ethylene_methane.txt,validation,B0,ethylene_only,13734.01,,,2.047093058602142,0,0
ethylene_methane.txt,validation,B0,ethylene_only,13934.01,,,1.0284726780455673,0,0
ethylene_methane.txt,validation,B0,ethylene_only,14834.01,14891,56.99,4.185948519758671,7,0
ethylene_methane.txt,validation,B0,ethylene_only,15034.01,,,2.292823373798328,0,0
ethylene_methane.txt,validation,B0,ethylene_only,15234.01,,,0.9361331534625348,0,0
ethylene_methane.txt,validation,B0,ethylene_only,18028.01,18070,41.99,4.681572673357688,22,0
ethylene_methane.txt,validation,B0,ethylene_only,20818.01,,,2.166845879545761,0,0
ethylene_methane.txt,validation,B0,ethylene_only,21109.01,21156,46.99,4.481970897450973,17,0
ethylene_methane.txt,validation,B0,ethylene_only,22550.01,22596,45.99,4.56045949334655,18,0
ethylene_methane.txt,validation,B1,target_gas,14134.01,14155,20.99,10.093436215969504,43,0
ethylene_methane.txt,validation,B1,target_gas,14334.01,14356,21.99,13.232266382745356,42,0
ethylene_methane.txt,validation,B1,target_gas,14534.01,14557,22.99,11.562846708820839,41,0
ethylene_methane.txt,validation,B1,target_gas,15434.01,15456,21.99,10.047905666797774,42,0
ethylene_methane.txt,validation,B1,target_gas,15634.01,15656,21.99,13.22064672981739,42,0
ethylene_methane.txt,validation,B1,target_gas,15834.01,15857,22.99,11.48594745874452,41,0
ethylene_methane.txt,validation,B1,target_gas,16141.01,16166,24.99,13.413461741340855,39,0
ethylene_methane.txt,validation,B1,target_gas,16424.01,16449,24.99,7.338050867939102,39,0
ethylene_methane.txt,validation,B1,target_gas,16661.01,16685,23.99,14.382336822313885,40,0
ethylene_methane.txt,validation,B1,target_gas,16887.01,16914,26.99,7.733431562190596,37,0
ethylene_methane.txt,validation,B1,target_gas,19983.01,20006,22.99,13.47378175294121,41,0
ethylene_methane.txt,validation,B1,target_gas,20399.01,20429,29.99,7.784353385286975,34,0
ethylene_methane.txt,validation,B1,target_gas,21358.01,21382,23.99,9.37216122232688,40,0
ethylene_methane.txt,validation,B1,target_gas,23624.01,23646,21.99,15.053738031670912,42,0
ethylene_methane.txt,validation,B1,target_gas,23842.01,23864,21.99,15.277403417096998,42,0
ethylene_methane.txt,validation,B1,ethylene_only,12909.01,12944,34.99,8.39701716096435,29,0
ethylene_methane.txt,validation,B1,ethylene_only,13534.01,13568,33.99,11.581353731266319,30,0
ethylene_methane.txt,validation,B1,ethylene_only,13734.01,13774,39.99,7.01531009249028,24,0
ethylene_methane.txt,validation,B1,ethylene_only,13934.01,13991,56.99,3.102885602139096,7,0
ethylene_methane.txt,validation,B1,ethylene_only,14834.01,14876,41.99,9.890975277575766,22,0
ethylene_methane.txt,validation,B1,ethylene_only,15034.01,15073,38.99,7.0042491950829575,25,0
ethylene_methane.txt,validation,B1,ethylene_only,15234.01,15286,51.99,3.1051317323170724,12,0
ethylene_methane.txt,validation,B1,ethylene_only,18028.01,18056,27.99,14.10200022531891,36,0
ethylene_methane.txt,validation,B1,ethylene_only,20818.01,20863,44.99,5.813342513744288,19,0
ethylene_methane.txt,validation,B1,ethylene_only,21109.01,21142,32.99,13.566633089354799,31,0
ethylene_methane.txt,validation,B1,ethylene_only,22550.01,22582,31.99,12.27609762834287,32,0
ethylene_methane.txt,test,B0,target_gas,26932.01,26953,20.99,24.701358724987713,43,0
ethylene_methane.txt,test,B0,target_gas,27132.01,27152,19.99,34.003741366687294,44,0
ethylene_methane.txt,test,B0,target_gas,27332.01,27352,19.99,29.92538488226867,44,0
ethylene_methane.txt,test,B0,target_gas,28232.01,28253,20.99,24.83788930776406,43,0
ethylene_methane.txt,test,B0,target_gas,28432.01,28452,19.99,34.107046209814555,44,0
ethylene_methane.txt,test,B0,target_gas,28632.01,28652,19.99,29.98363298415967,44,0
ethylene_methane.txt,test,B0,target_gas,28913.01,28934,20.99,17.203141990833227,43,0
ethylene_methane.txt,test,B0,target_gas,29218.01,29238,19.99,20.363709557699774,44,0
ethylene_methane.txt,test,B0,target_gas,29665.01,29687,21.99,21.111824598830527,42,0
ethylene_methane.txt,test,B0,target_gas,30966.01,30987,20.99,34.63841070618745,43,0
ethylene_methane.txt,test,B0,target_gas,31164.01,31184,19.99,32.768370441372866,44,0
ethylene_methane.txt,test,B0,target_gas,31402.01,31423,20.99,21.60765486743977,43,0
ethylene_methane.txt,test,B0,target_gas,36231.01,36253,21.99,27.15557015179612,42,0
ethylene_methane.txt,test,B0,ethylene_only,26332.01,26386,53.99,4.238507847367317,10,0
ethylene_methane.txt,test,B0,ethylene_only,26532.01,,,2.2877529445466687,0,0
ethylene_methane.txt,test,B0,ethylene_only,26732.01,,,0.8969713015188381,0,0
ethylene_methane.txt,test,B0,ethylene_only,27632.01,27687,54.99,4.278865166370347,9,0
ethylene_methane.txt,test,B0,ethylene_only,27832.01,,,2.421686478194112,0,0
ethylene_methane.txt,test,B0,ethylene_only,28032.01,,,0.8687747681193768,0,0
ethylene_methane.txt,test,B0,ethylene_only,32444.01,,,2.99349073957413,0,0
ethylene_methane.txt,test,B0,ethylene_only,32637.01,,,3.8447457318239584,0,0
ethylene_methane.txt,test,B0,ethylene_only,33025.01,,,2.1358049590051267,0,0
ethylene_methane.txt,test,B0,ethylene_only,33331.01,,,1.4437532006569365,0,0
ethylene_methane.txt,test,B0,ethylene_only,33531.01,33579,47.99,4.349974844899692,16,0
ethylene_methane.txt,test,B0,ethylene_only,33994.01,,,3.8769408964218814,0,0
ethylene_methane.txt,test,B0,ethylene_only,35691.01,,,3.4111621963041676,0,0
ethylene_methane.txt,test,B0,ethylene_only,38326.01,,,1.9434584314585055,0,0
ethylene_methane.txt,test,B1,target_gas,26932.01,26954,21.99,10.352880356396167,42,0
ethylene_methane.txt,test,B1,target_gas,27132.01,27155,22.99,13.538990656829686,41,0
ethylene_methane.txt,test,B1,target_gas,27332.01,27356,23.99,11.832016987496292,40,0
ethylene_methane.txt,test,B1,target_gas,28232.01,28254,21.99,10.321409919955101,42,0
ethylene_methane.txt,test,B1,target_gas,28432.01,28455,22.99,13.50912076283941,41,0
ethylene_methane.txt,test,B1,target_gas,28632.01,28657,24.99,11.766535805385853,39,0
ethylene_methane.txt,test,B1,target_gas,28913.01,28944,30.99,6.171329192067677,33,0
ethylene_methane.txt,test,B1,target_gas,29218.01,29247,28.99,7.56099333147902,35,0
ethylene_methane.txt,test,B1,target_gas,29665.01,29698,32.99,7.526453253819536,31,0
ethylene_methane.txt,test,B1,target_gas,30966.01,30990,23.99,13.797556976508892,40,0
ethylene_methane.txt,test,B1,target_gas,31164.01,31188,23.99,12.82175666318188,40,0
ethylene_methane.txt,test,B1,target_gas,31402.01,31430,27.99,8.218797500420905,36,0
ethylene_methane.txt,test,B1,target_gas,36231.01,36257,25.99,21.72439946298492,38,0
ethylene_methane.txt,test,B1,ethylene_only,26332.01,26366,33.99,12.14041984556075,30,0
ethylene_methane.txt,test,B1,ethylene_only,26532.01,26571,38.99,7.7801910932556,25,0
ethylene_methane.txt,test,B1,ethylene_only,26732.01,26784,51.99,3.644604961720943,12,0
ethylene_methane.txt,test,B1,ethylene_only,27632.01,27673,40.99,10.538121509573067,23,0
ethylene_methane.txt,test,B1,ethylene_only,27832.01,27871,38.99,7.749378278089077,25,0
ethylene_methane.txt,test,B1,ethylene_only,28032.01,28086,53.99,3.6928337778425826,10,0
ethylene_methane.txt,test,B1,ethylene_only,32444.01,32489,44.99,5.922561954556269,19,0
ethylene_methane.txt,test,B1,ethylene_only,32637.01,32667,29.99,11.881630556450407,34,0
ethylene_methane.txt,test,B1,ethylene_only,33025.01,33068,42.99,6.486171152369239,21,0
ethylene_methane.txt,test,B1,ethylene_only,33331.01,33375,43.99,5.524459164440339,20,0
ethylene_methane.txt,test,B1,ethylene_only,33531.01,33561,29.99,13.930986619297979,34,0
ethylene_methane.txt,test,B1,ethylene_only,33994.01,34029,34.99,11.810679895660302,29,0
ethylene_methane.txt,test,B1,ethylene_only,35691.01,35728,36.99,10.128718384476837,27,0
ethylene_methane.txt,test,B1,ethylene_only,38326.01,38366,39.99,6.26441032340418,24,0
