scenario,strategy,gas_files,steps,ineligible_steps,files_with_l3,l3_seconds,l3_on_ineligible_seconds,l3_in_fault_window_seconds,unknown_joint_seconds,lost_known_l2_seconds
S0_outside,S1_full,60,12900,0,0,0,0,0,0,0
S0_outside,gas_only,60,12900,0,0,0,0,0,0,0
S0_outside,hold_missing_gas_10s,60,12900,0,0,0,0,0,0,0
S0_outside,hold_missing_person_10s,60,12900,0,0,0,0,0,0,0
S0_outside,no_age_gate,60,12900,0,0,0,0,0,0,0
S0_outside,no_zone_gate,60,12900,0,0,0,0,0,0,0
S0_outside,simple_AND,60,12900,0,0,0,0,0,0,0
S0_outside,simple_OR,60,12900,0,0,0,0,0,0,0
S1_early_background,S1_full,60,2100,0,0,0,0,0,0,0
S1_early_background,gas_only,60,2100,0,0,0,0,0,0,0
S1_early_background,hold_missing_gas_10s,60,2100,0,0,0,0,0,0,0
S1_early_background,hold_missing_person_10s,60,2100,0,0,0,0,0,0,0
S1_early_background,no_age_gate,60,2100,0,0,0,0,0,0,0
S1_early_background,no_zone_gate,60,2100,0,0,0,0,0,0,0
S1_early_background,simple_AND,60,2100,0,0,0,0,0,0,0
S1_early_background,simple_OR,60,2100,0,0,0,0,0,0,0
S2_possible_overlap,S1_full,60,12900,0,58,2664,0,553,0,0
S2_possible_overlap,gas_only,60,12900,0,0,0,0,0,0,0
S2_possible_overlap,hold_missing_gas_10s,60,12900,0,58,2664,0,553,0,0
S2_possible_overlap,hold_missing_person_10s,60,12900,0,58,2664,0,553,0,0
S2_possible_overlap,no_age_gate,60,12900,0,58,2664,0,553,0,0
S2_possible_overlap,no_zone_gate,60,12900,0,58,2664,0,553,0,0
S2_possible_overlap,simple_AND,60,12900,0,58,2664,0,553,0,0
S2_possible_overlap,simple_OR,60,12900,0,0,0,0,0,0,0
S3_separate_events,S1_full,60,12900,0,0,0,0,0,0,0
S3_separate_events,gas_only,60,12900,0,0,0,0,0,0,0
S3_separate_events,hold_missing_gas_10s,60,12900,0,0,0,0,0,0,0
S3_separate_events,hold_missing_person_10s,60,12900,0,0,0,0,0,0,0
S3_separate_events,no_age_gate,60,12900,0,0,0,0,0,0,0
S3_separate_events,no_zone_gate,60,12900,0,0,0,0,0,0,0
S3_separate_events,simple_AND,60,12900,0,0,0,0,0,0,0
S3_separate_events,simple_OR,60,12900,0,0,0,0,0,0,0
S4_gas_dropout,S1_full,60,12900,600,58,1997,0,0,600,0
S4_gas_dropout,gas_only,60,12900,600,0,0,0,0,0,0
S4_gas_dropout,hold_missing_gas_10s,60,12900,600,58,2547,550,550,0,0
S4_gas_dropout,hold_missing_person_10s,60,12900,600,58,1997,0,0,0,0
S4_gas_dropout,no_age_gate,60,12900,600,58,1997,0,0,0,0
S4_gas_dropout,no_zone_gate,60,12900,600,58,1997,0,0,0,0
S4_gas_dropout,simple_AND,60,12900,600,58,1997,0,0,0,0
S4_gas_dropout,simple_OR,60,12900,600,0,0,0,0,0,0
S4_person_dropout,S1_full,60,12900,600,58,2111,0,0,600,0
S4_person_dropout,gas_only,60,12900,600,0,0,0,0,0,0
S4_person_dropout,hold_missing_gas_10s,60,12900,600,58,2111,0,0,0,0
S4_person_dropout,hold_missing_person_10s,60,12900,600,58,2664,553,553,0,0
S4_person_dropout,no_age_gate,60,12900,600,58,2111,0,0,0,0
S4_person_dropout,no_zone_gate,60,12900,600,58,2111,0,0,0,0
S4_person_dropout,simple_AND,60,12900,600,58,2111,0,0,0,0
S4_person_dropout,simple_OR,60,12900,600,0,0,0,0,0,0
S4_stale_gas,S1_full,60,12900,600,58,2111,0,0,600,0
S4_stale_gas,gas_only,60,12900,600,0,0,0,0,0,0
S4_stale_gas,hold_missing_gas_10s,60,12900,600,58,2111,0,0,0,0
S4_stale_gas,hold_missing_person_10s,60,12900,600,58,2111,0,0,0,0
S4_stale_gas,no_age_gate,60,12900,600,58,2664,553,553,0,0
S4_stale_gas,no_zone_gate,60,12900,600,58,2111,0,0,0,0
S4_stale_gas,simple_AND,60,12900,600,58,2111,0,0,0,0
S4_stale_gas,simple_OR,60,12900,600,0,0,0,0,0,0
S4_wrong_zone,S1_full,60,12900,600,58,2111,0,0,600,0
S4_wrong_zone,gas_only,60,12900,600,0,0,0,0,0,0
S4_wrong_zone,hold_missing_gas_10s,60,12900,600,58,2111,0,0,0,0
S4_wrong_zone,hold_missing_person_10s,60,12900,600,58,2111,0,0,0,0
S4_wrong_zone,no_age_gate,60,12900,600,58,2111,0,0,0,0
S4_wrong_zone,no_zone_gate,60,12900,600,58,2664,553,553,0,0
S4_wrong_zone,simple_AND,60,12900,600,58,2664,553,553,0,0
S4_wrong_zone,simple_OR,60,12900,600,0,0,0,0,0,0
